"Kernel Name","hbmv2::hbmXorOnlyKernel(unsigned long, int, int)",
"Address","Source","Warp Stall Sampling (All Samples)","Warp Stall Sampling (Not-issued Samples)","# Samples","Instructions Executed","Thread Instructions Executed","Predicated-On Thread Instructions Executed","Avg. Threads Executed","Avg. Predicated-On Threads Executed","Derivative Avg. Predicated-On Threads Executed","Avg. Predicated-On Threads Unexecuted","Divergent Branches","L1 Conflicts Shared N-Way","stall_barrier","stall_branch_resolving","stall_dispatch","stall_drain","stall_imc","stall_lg","stall_long_sb","stall_math","stall_membar","stall_mio","stall_misc","stall_no_inst","stall_not_selected","stall_selected","stall_short_sb","stall_sleep","stall_tex","stall_wait","stall_barrier (Not Issued)","stall_branch_resolving (Not Issued)","stall_dispatch (Not Issued)","stall_drain (Not Issued)","stall_imc (Not Issued)","stall_lg (Not Issued)","stall_long_sb (Not Issued)","stall_math (Not Issued)","stall_membar (Not Issued)","stall_mio (Not Issued)","stall_misc (Not Issued)","stall_no_inst (Not Issued)","stall_not_selected (Not Issued)","stall_selected (Not Issued)","stall_short_sb (Not Issued)","stall_sleeping (Not Issued)","stall_tex (Not Issued)","stall_wait (Not Issued)"
"0x7de64b279600","      IMAD.MOV.U32 R1, RZ, RZ, c[0x0][0x28]","39","36","39","6912","221184","221184","32","32","0","0","0","0","0","0","0","0","30","0","0","0","0","0","0","9","0","0","0","0","0","0","0","0","0","0","27","0","0","0","0","0","0","9","0","0","0","0","0","0"
"0x7de64b279610","      S2R R5, SR_TID.X","0","0","0","6912","221184","221184","32","32","0","0","0","0","0","0","0","0","0","0","0","0","0","0","0","0","0","0","0","0","0","0","0","0","0","0","0","0","0","0","0","0","0","0","0","0","0","0","0","0"
"0x7de64b279620","      IMAD.MOV.U32 R0, RZ, RZ, c[0x0][0x16c]","34","31","34","6912","221184","221184","32","32","0","0","0","0","0","0","0","0","33","0","0","0","0","0","0","0","0","1","0","0","0","0","0","0","0","0","31","0","0","0","0","0","0","0","0","0","0","0","0","0"
"0x7de64b279630","      ISETP.GE.AND P0, PT, R0, 0x1, PT","0","0","0","6912","221184","221184","32","32","0","0","0","0","0","0","0","0","0","0","0","0","0","0","0","0","0","0","0","0","0","0","0","0","0","0","0","0","0","0","0","0","0","0","0","0","0","0","0","0"
"0x7de64b279640","      LOP3.LUT R0, R5, 0x12345678, RZ, 0x3c, !PT","0","0","0","6912","221184","221184","32","32","0","0","0","0","0","0","0","0","0","0","0","0","0","0","0","0","0","0","0","0","0","0","0","0","0","0","0","0","0","0","0","0","0","0","0","0","0","0","0","0"
"0x7de64b279650","      LOP3.LUT R3, R5, 0x9abcdef0, RZ, 0x3c, !PT","0","0","0","6912","221184","221184","32","32","0","0","0","0","0","0","0","0","0","0","0","0","0","0","0","0","0","0","0","0","0","0","0","0","0","0","0","0","0","0","0","0","0","0","0","0","0","0","0","0"
"0x7de64b279660","      LOP3.LUT R2, R5, 0x31415926, RZ, 0x3c, !PT","0","0","0","6912","221184","221184","32","32","0","0","0","0","0","0","0","0","0","0","0","0","0","0","0","0","0","0","0","0","0","0","0","0","0","0","0","0","0","0","0","0","0","0","0","0","0","0","0","0"
"0x7de64b279670","      LOP3.LUT R5, R5, 0x27182818, RZ, 0x3c, !PT","0","0","0","6912","221184","221184","32","32","0","0","0","0","0","0","0","0","0","0","0","0","0","0","0","0","0","0","0","0","0","0","0","0","0","0","0","0","0","0","0","0","0","0","0","0","0","0","0","0"
"0x7de64b279680","@!P0  BRA 0x7de64b27a810","0","0","0","6912","221184","0","32","0","32","32","0","0","0","0","0","0","0","0","0","0","0","0","0","0","0","0","0","0","0","0","0","0","0","0","0","0","0","0","0","0","0","0","0","0","0","0","0","0"
"0x7de64b279690","      IMAD.MOV.U32 R6, RZ, RZ, RZ","0","0","0","6912","221184","221184","32","32","32","0","0","0","0","0","0","0","0","0","0","0","0","0","0","0","0","0","0","0","0","0","0","0","0","0","0","0","0","0","0","0","0","0","0","0","0","0","0","0"
"0x7de64b2796a0","      ISETP.NE.U32.AND P0, PT, RZ, c[0x0][0x160], PT","0","0","0","6912","221184","221184","32","32","0","0","0","0","0","0","0","0","0","0","0","0","0","0","0","0","0","0","0","0","0","0","0","0","0","0","0","0","0","0","0","0","0","0","0","0","0","0","0","0"
"0x7de64b2796b0","      ISETP.NE.AND.EX P0, PT, RZ, c[0x0][0x164], PT, P0","0","0","0","6912","221184","221184","32","32","0","0","0","0","0","0","0","0","0","0","0","0","0","0","0","0","0","0","0","0","0","0","0","0","0","0","0","0","0","0","0","0","0","0","0","0","0","0","0","0"
"0x7de64b2796c0","@!P0  BRA 0x7de64b27a7d0","0","0","0","6912","221184","0","32","0","32","32","0","0","0","0","0","0","0","0","0","0","0","0","0","0","0","0","0","0","0","0","0","0","0","0","0","0","0","0","0","0","0","0","0","0","0","0","0","0"
"0x7de64b2796d0","      IMAD.MOV.U32 R7, RZ, RZ, RZ","0","0","0","6912","221184","221184","32","32","32","0","0","0","0","0","0","0","0","0","0","0","0","0","0","0","0","0","0","0","0","0","0","0","0","0","0","0","0","0","0","0","0","0","0","0","0","0","0","0"
"0x7de64b2796e0","      IMAD.MOV.U32 R4, RZ, RZ, RZ","0","0","0","6912","221184","221184","32","32","0","0","0","0","0","0","0","0","0","0","0","0","0","0","0","0","0","0","0","0","0","0","0","0","0","0","0","0","0","0","0","0","0","0","0","0","0","0","0","0"
"0x7de64b2796f0","      LOP3.LUT R0, R0, R3, R2, 0x96, !PT","4","3","4","13824","442368","442368","32","32","0","0","0","0","0","1","0","0","0","0","0","1","0","0","0","2","0","0","0","0","0","0","0","1","0","0","0","0","0","1","0","0","0","1","0","0","0","0","0","0"
"0x7de64b279700","      IMAD.MOV.U32 R8, RZ, RZ, c[0x0][0x168]","2","2","2","13824","442368","442368","32","32","0","0","0","0","0","0","0","0","0","0","0","0","0","0","0","2","0","0","0","0","0","0","0","0","0","0","0","0","0","0","0","0","0","2","0","0","0","0","0","0"
"0x7de64b279710","      LOP3.LUT R3, R3, R2, R5, 0x96, !PT","3","0","3","13824","442368","442368","32","32","0","0","0","0","0","0","0","0","0","0","0","0","0","0","0","0","0","3","0","0","0","0","0","0","0","0","0","0","0","0","0","0","0","0","0","0","0","0","0","0"
"0x7de64b279720","      LOP3.LUT R2, R2, R5, R0, 0x96, !PT","1","1","1","13824","442368","442368","32","32","0","0","0","0","0","0","0","0","0","0","0","0","0","0","0","0","0","0","0","0","0","1","0","0","0","0","0","0","0","0","0","0","0","0","0","0","0","0","0","1"
"0x7de64b279730","      LOP3.LUT R5, R5, R0, R3, 0x96, !PT","0","0","0","13824","442368","442368","32","32","0","0","0","0","0","0","0","0","0","0","0","0","0","0","0","0","0","0","0","0","0","0","0","0","0","0","0","0","0","0","0","0","0","0","0","0","0","0","0","0"
"0x7de64b279740","      LOP3.LUT R0, R0, R3, R2, 0x96, !PT","1","1","1","13824","442368","442368","32","32","0","0","0","0","0","0","0","0","0","0","0","0","0","0","0","0","0","0","0","0","0","1","0","0","0","0","0","0","0","0","0","0","0","0","0","0","0","0","0","1"
"0x7de64b279750","      LOP3.LUT R3, R3, R2, R5, 0x96, !PT","5","2","5","13824","442368","442368","32","32","0","0","0","0","0","0","0","0","0","0","0","3","0","0","0","0","1","1","0","0","0","0","0","0","0","0","0","0","0","2","0","0","0","0","0","0","0","0","0","0"
"0x7de64b279760","      LOP3.LUT R2, R2, R5, R0, 0x96, !PT","0","0","0","13824","442368","442368","32","32","0","0","0","0","0","0","0","0","0","0","0","0","0","0","0","0","0","0","0","0","0","0","0","0","0","0","0","0","0","0","0","0","0","0","0","0","0","0","0","0"
"0x7de64b279770","      LOP3.LUT R5, R5, R0, R3, 0x96, !PT","2","2","2","13824","442368","442368","32","32","0","0","0","0","0","0","0","0","0","0","0","0","0","0","0","0","0","0","0","0","0","2","0","0","0","0","0","0","0","0","0","0","0","0","0","0","0","0","0","2"
"0x7de64b279780","      LOP3.LUT R0, R0, R3, R2, 0x96, !PT","1","1","1","13824","442368","442368","32","32","0","0","0","0","0","0","0","0","0","0","0","0","0","0","0","0","0","0","0","0","0","1","0","0","0","0","0","0","0","0","0","0","0","0","0","0","0","0","0","1"
"0x7de64b279790","      LOP3.LUT R3, R3, R2, R5, 0x96, !PT","1","1","1","13824","442368","442368","32","32","0","0","0","0","0","0","0","0","0","0","0","0","0","0","0","0","0","0","0","0","0","1","0","0","0","0","0","0","0","0","0","0","0","0","0","0","0","0","0","1"
"0x7de64b2797a0","      LOP3.LUT R2, R2, R5, R0, 0x96, !PT","0","0","0","13824","442368","442368","32","32","0","0","0","0","0","0","0","0","0","0","0","0","0","0","0","0","0","0","0","0","0","0","0","0","0","0","0","0","0","0","0","0","0","0","0","0","0","0","0","0"
"0x7de64b2797b0","      LOP3.LUT R5, R5, R0, R3, 0x96, !PT","3","1","3","13824","442368","442368","32","32","0","0","0","0","0","0","0","0","0","0","0","0","0","0","0","0","2","0","0","0","0","1","0","0","0","0","0","0","0","0","0","0","0","0","0","0","0","0","0","1"
"0x7de64b2797c0","      LOP3.LUT R0, R0, R3, R2, 0x96, !PT","0","0","0","13824","442368","442368","32","32","0","0","0","0","0","0","0","0","0","0","0","0","0","0","0","0","0","0","0","0","0","0","0","0","0","0","0","0","0","0","0","0","0","0","0","0","0","0","0","0"
"0x7de64b2797d0","      LOP3.LUT R3, R3, R2, R5, 0x96, !PT","0","0","0","13824","442368","442368","32","32","0","0","0","0","0","0","0","0","0","0","0","0","0","0","0","0","0","0","0","0","0","0","0","0","0","0","0","0","0","0","0","0","0","0","0","0","0","0","0","0"
"0x7de64b2797e0","      LOP3.LUT R2, R2, R5, R0, 0x96, !PT","1","1","1","13824","442368","442368","32","32","0","0","0","0","0","0","0","0","0","0","0","0","0","0","0","0","0","0","0","0","0","1","0","0","0","0","0","0","0","0","0","0","0","0","0","0","0","0","0","1"
"0x7de64b2797f0","      LOP3.LUT R5, R5, R0, R3, 0x96, !PT","1","0","1","13824","442368","442368","32","32","0","0","0","0","0","0","0","0","0","0","0","0","0","0","0","0","0","1","0","0","0","0","0","0","0","0","0","0","0","0","0","0","0","0","0","0","0","0","0","0"
"0x7de64b279800","      LOP3.LUT R0, R0, R3, R2, 0x96, !PT","1","1","1","13824","442368","442368","32","32","0","0","0","0","0","0","0","0","0","0","0","0","0","0","0","0","0","0","0","0","0","1","0","0","0","0","0","0","0","0","0","0","0","0","0","0","0","0","0","1"
"0x7de64b279810","      LOP3.LUT R3, R3, R2, R5, 0x96, !PT","9","5","9","13824","442368","442368","32","32","0","0","0","0","0","0","0","0","0","0","0","5","0","0","0","0","3","1","0","0","0","0","0","0","0","0","0","0","0","5","0","0","0","0","0","0","0","0","0","0"
"0x7de64b279820","      LOP3.LUT R2, R2, R5, R0, 0x96, !PT","0","0","0","13824","442368","442368","32","32","0","0","0","0","0","0","0","0","0","0","0","0","0","0","0","0","0","0","0","0","0","0","0","0","0","0","0","0","0","0","0","0","0","0","0","0","0","0","0","0"
"0x7de64b279830","      LOP3.LUT R5, R5, R0, R3, 0x96, !PT","2","1","2","13824","442368","442368","32","32","0","0","0","0","0","0","0","0","0","0","0","0","0","0","0","0","0","1","0","0","0","1","0","0","0","0","0","0","0","0","0","0","0","0","0","0","0","0","0","1"
"0x7de64b279840","      LOP3.LUT R0, R0, R3, R2, 0x96, !PT","0","0","0","13824","442368","442368","32","32","0","0","0","0","0","0","0","0","0","0","0","0","0","0","0","0","0","0","0","0","0","0","0","0","0","0","0","0","0","0","0","0","0","0","0","0","0","0","0","0"
"0x7de64b279850","      LOP3.LUT R3, R3, R2, R5, 0x96, !PT","1","0","1","13824","442368","442368","32","32","0","0","0","0","0","0","0","0","0","0","0","0","0","0","0","0","0","1","0","0","0","0","0","0","0","0","0","0","0","0","0","0","0","0","0","0","0","0","0","0"
"0x7de64b279860","      LOP3.LUT R2, R2, R5, R0, 0x96, !PT","1","0","1","13824","442368","442368","32","32","0","0","0","0","0","0","0","0","0","0","0","0","0","0","0","0","0","1","0","0","0","0","0","0","0","0","0","0","0","0","0","0","0","0","0","0","0","0","0","0"
"0x7de64b279870","      LOP3.LUT R5, R5, R0, R3, 0x96, !PT","4","2","4","13824","442368","442368","32","32","0","0","0","0","0","0","0","0","0","0","0","0","0","0","0","0","2","0","0","0","0","2","0","0","0","0","0","0","0","0","0","0","0","0","0","0","0","0","0","2"
"0x7de64b279880","      LOP3.LUT R0, R0, R3, R2, 0x96, !PT","1","0","1","13824","442368","442368","32","32","0","0","0","0","0","0","0","0","0","0","0","0","0","0","0","0","0","1","0","0","0","0","0","0","0","0","0","0","0","0","0","0","0","0","0","0","0","0","0","0"
"0x7de64b279890","      LOP3.LUT R3, R3, R2, R5, 0x96, !PT","0","0","0","13824","442368","442368","32","32","0","0","0","0","0","0","0","0","0","0","0","0","0","0","0","0","0","0","0","0","0","0","0","0","0","0","0","0","0","0","0","0","0","0","0","0","0","0","0","0"
"0x7de64b2798a0","      LOP3.LUT R2, R2, R5, R0, 0x96, !PT","2","0","2","13824","442368","442368","32","32","0","0","0","0","0","0","0","0","0","0","0","0","0","0","0","0","0","2","0","0","0","0","0","0","0","0","0","0","0","0","0","0","0","0","0","0","0","0","0","0"
"0x7de64b2798b0","      LOP3.LUT R5, R5, R0, R3, 0x96, !PT","2","1","2","13824","442368","442368","32","32","0","0","0","0","0","0","0","0","0","0","0","0","0","0","0","0","0","1","0","0","0","1","0","0","0","0","0","0","0","0","0","0","0","0","0","0","0","0","0","1"
"0x7de64b2798c0","      LOP3.LUT R0, R0, R3, R2, 0x96, !PT","1","0","1","13824","442368","442368","32","32","0","0","0","0","0","0","0","0","0","0","0","0","0","0","0","0","0","1","0","0","0","0","0","0","0","0","0","0","0","0","0","0","0","0","0","0","0","0","0","0"
"0x7de64b2798d0","      LOP3.LUT R3, R3, R2, R5, 0x96, !PT","12","6","12","13824","442368","442368","32","32","0","0","0","0","0","0","0","0","0","0","0","5","0","0","0","0","5","1","0","0","0","1","0","0","0","0","0","0","0","5","0","0","0","0","0","0","0","0","0","1"
"0x7de64b2798e0","      LOP3.LUT R2, R2, R5, R0, 0x96, !PT","1","0","1","13824","442368","442368","32","32","0","0","0","0","0","0","0","0","0","0","0","0","0","0","0","0","0","1","0","0","0","0","0","0","0","0","0","0","0","0","0","0","0","0","0","0","0","0","0","0"
"0x7de64b2798f0","      LOP3.LUT R5, R5, R0, R3, 0x96, !PT","3","2","3","13824","442368","442368","32","32","0","0","0","0","0","0","0","0","0","0","0","0","0","0","0","0","0","1","0","0","0","2","0","0","0","0","0","0","0","0","0","0","0","0","0","0","0","0","0","2"
"0x7de64b279900","      LOP3.LUT R0, R0, R3, R2, 0x96, !PT","1","1","1","13824","442368","442368","32","32","0","0","0","0","0","0","0","0","0","0","0","0","0","0","0","0","0","0","0","0","0","1","0","0","0","0","0","0","0","0","0","0","0","0","0","0","0","0","0","1"
"0x7de64b279910","      LOP3.LUT R3, R3, R2, R5, 0x96, !PT","2","1","2","13824","442368","442368","32","32","0","0","0","0","0","0","0","0","0","0","0","0","0","0","0","0","0","1","0","0","0","1","0","0","0","0","0","0","0","0","0","0","0","0","0","0","0","0","0","1"
"0x7de64b279920","      LOP3.LUT R2, R2, R5, R0, 0x96, !PT","0","0","0","13824","442368","442368","32","32","0","0","0","0","0","0","0","0","0","0","0","0","0","0","0","0","0","0","0","0","0","0","0","0","0","0","0","0","0","0","0","0","0","0","0","0","0","0","0","0"
"0x7de64b279930","      LOP3.LUT R5, R5, R0, R3, 0x96, !PT","7","2","7","13824","442368","442368","32","32","0","0","0","0","0","0","0","0","0","0","0","2","0","0","0","0","5","0","0","0","0","0","0","0","0","0","0","0","0","2","0","0","0","0","0","0","0","0","0","0"
"0x7de64b279940","      LOP3.LUT R0, R0, R3, R2, 0x96, !PT","2","0","2","13824","442368","442368","32","32","0","0","0","0","0","0","0","0","0","0","0","0","0","0","0","0","0","2","0","0","0","0","0","0","0","0","0","0","0","0","0","0","0","0","0","0","0","0","0","0"
"0x7de64b279950","      LOP3.LUT R3, R3, R2, R5, 0x96, !PT","1","1","1","13824","442368","442368","32","32","0","0","0","0","0","0","0","0","0","0","0","0","0","0","0","0","0","0","0","0","0","1","0","0","0","0","0","0","0","0","0","0","0","0","0","0","0","0","0","1"
"0x7de64b279960","      LOP3.LUT R2, R2, R5, R0, 0x96, !PT","3","2","3","13824","442368","442368","32","32","0","0","0","0","0","0","0","0","0","0","0","0","0","0","0","0","0","1","0","0","0","2","0","0","0","0","0","0","0","0","0","0","0","0","0","0","0","0","0","2"
"0x7de64b279970","      LOP3.LUT R5, R5, R0, R3, 0x96, !PT","2","1","2","13824","442368","442368","32","32","0","0","0","0","0","0","0","0","0","0","0","0","0","0","0","0","0","1","0","0","0","1","0","0","0","0","0","0","0","0","0","0","0","0","0","0","0","0","0","1"
"0x7de64b279980","      LOP3.LUT R0, R0, R3, R2, 0x96, !PT","1","0","1","13824","442368","442368","32","32","0","0","0","0","0","0","0","0","0","0","0","0","0","0","0","0","0","1","0","0","0","0","0","0","0","0","0","0","0","0","0","0","0","0","0","0","0","0","0","0"
"0x7de64b279990","      LOP3.LUT R3, R3, R2, R5, 0x96, !PT","11","9","11","13824","442368","442368","32","32","0","0","0","0","0","0","0","0","0","0","0","7","0","0","0","0","2","0","0","0","0","2","0","0","0","0","0","0","0","7","0","0","0","0","0","0","0","0","0","2"
"0x7de64b2799a0","      LOP3.LUT R2, R2, R5, R0, 0x96, !PT","2","1","2","13824","442368","442368","32","32","0","0","0","0","0","0","0","0","0","0","0","0","0","0","0","0","0","1","0","0","0","1","0","0","0","0","0","0","0","0","0","0","0","0","0","0","0","0","0","1"
"0x7de64b2799b0","      LOP3.LUT R5, R5, R0, R3, 0x96, !PT","3","1","3","13824","442368","442368","32","32","0","0","0","0","0","0","0","0","0","0","0","0","0","0","0","0","0","2","0","0","0","1","0","0","0","0","0","0","0","0","0","0","0","0","0","0","0","0","0","1"
"0x7de64b2799c0","      LOP3.LUT R0, R0, R3, R2, 0x96, !PT","1","1","1","13824","442368","442368","32","32","0","0","0","0","0","0","0","0","0","0","0","0","0","0","0","0","0","0","0","0","0","1","0","0","0","0","0","0","0","0","0","0","0","0","0","0","0","0","0","1"
"0x7de64b2799d0","      LOP3.LUT R3, R3, R2, R5, 0x96, !PT","0","0","0","13824","442368","442368","32","32","0","0","0","0","0","0","0","0","0","0","0","0","0","0","0","0","0","0","0","0","0","0","0","0","0","0","0","0","0","0","0","0","0","0","0","0","0","0","0","0"
"0x7de64b2799e0","      LOP3.LUT R2, R2, R5, R0, 0x96, !PT","1","0","1","13824","442368","442368","32","32","0","0","0","0","0","0","0","0","0","0","0","0","0","0","0","0","0","1","0","0","0","0","0","0","0","0","0","0","0","0","0","0","0","0","0","0","0","0","0","0"
"0x7de64b2799f0","      LOP3.LUT R5, R5, R0, R3, 0x96, !PT","22","8","22","13824","442368","442368","32","32","0","0","0","0","0","0","0","0","0","0","0","8","0","0","0","0","13","1","0","0","0","0","0","0","0","0","0","0","0","8","0","0","0","0","0","0","0","0","0","0"
"0x7de64b279a00","      LOP3.LUT R0, R0, R3, R2, 0x96, !PT","5","3","5","13824","442368","442368","32","32","0","0","0","0","0","0","0","0","0","0","0","0","0","0","0","0","0","2","0","0","0","3","0","0","0","0","0","0","0","0","0","0","0","0","0","0","0","0","0","3"
"0x7de64b279a10","      LOP3.LUT R3, R3, R2, R5, 0x96, !PT","3","2","3","13824","442368","442368","32","32","0","0","0","0","0","0","0","0","0","0","0","0","0","0","0","0","0","1","0","0","0","2","0","0","0","0","0","0","0","0","0","0","0","0","0","0","0","0","0","2"
"0x7de64b279a20","      LOP3.LUT R2, R2, R5, R0, 0x96, !PT","0","0","0","13824","442368","442368","32","32","0","0","0","0","0","0","0","0","0","0","0","0","0","0","0","0","0","0","0","0","0","0","0","0","0","0","0","0","0","0","0","0","0","0","0","0","0","0","0","0"
"0x7de64b279a30","      LOP3.LUT R5, R5, R0, R3, 0x96, !PT","0","0","0","13824","442368","442368","32","32","0","0","0","0","0","0","0","0","0","0","0","0","0","0","0","0","0","0","0","0","0","0","0","0","0","0","0","0","0","0","0","0","0","0","0","0","0","0","0","0"
"0x7de64b279a40","      LOP3.LUT R0, R0, R3, R2, 0x96, !PT","1","1","1","13824","442368","442368","32","32","0","0","0","0","0","0","0","0","0","0","0","0","0","0","0","0","0","0","0","0","0","1","0","0","0","0","0","0","0","0","0","0","0","0","0","0","0","0","0","1"
"0x7de64b279a50","      LOP3.LUT R3, R3, R2, R5, 0x96, !PT","16","7","16","13824","442368","442368","32","32","0","0","0","0","0","0","0","0","0","0","0","6","0","0","0","0","6","3","0","0","0","1","0","0","0","0","0","0","0","6","0","0","0","0","0","0","0","0","0","1"
"0x7de64b279a60","      LOP3.LUT R2, R2, R5, R0, 0x96, !PT","2","1","2","13824","442368","442368","32","32","0","0","0","0","0","0","0","0","0","0","0","0","0","0","0","0","0","1","0","0","0","1","0","0","0","0","0","0","0","0","0","0","0","0","0","0","0","0","0","1"
"0x7de64b279a70","      LOP3.LUT R5, R5, R0, R3, 0x96, !PT","2","2","2","13824","442368","442368","32","32","0","0","0","0","0","0","0","0","0","0","0","0","0","0","0","0","0","0","0","0","0","2","0","0","0","0","0","0","0","0","0","0","0","0","0","0","0","0","0","2"
"0x7de64b279a80","      LOP3.LUT R0, R0, R3, R2, 0x96, !PT","1","0","1","13824","442368","442368","32","32","0","0","0","0","0","0","0","0","0","0","0","0","0","0","0","0","0","1","0","0","0","0","0","0","0","0","0","0","0","0","0","0","0","0","0","0","0","0","0","0"
"0x7de64b279a90","      LOP3.LUT R3, R3, R2, R5, 0x96, !PT","0","0","0","13824","442368","442368","32","32","0","0","0","0","0","0","0","0","0","0","0","0","0","0","0","0","0","0","0","0","0","0","0","0","0","0","0","0","0","0","0","0","0","0","0","0","0","0","0","0"
"0x7de64b279aa0","      LOP3.LUT R2, R2, R5, R0, 0x96, !PT","1","0","1","13824","442368","442368","32","32","0","0","0","0","0","0","0","0","0","0","0","0","0","0","0","0","0","1","0","0","0","0","0","0","0","0","0","0","0","0","0","0","0","0","0","0","0","0","0","0"
"0x7de64b279ab0","      LOP3.LUT R5, R5, R0, R3, 0x96, !PT","5","2","5","13824","442368","442368","32","32","0","0","0","0","0","0","0","0","0","0","0","2","0","0","0","0","2","1","0","0","0","0","0","0","0","0","0","0","0","2","0","0","0","0","0","0","0","0","0","0"
"0x7de64b279ac0","      LOP3.LUT R0, R0, R3, R2, 0x96, !PT","1","0","1","13824","442368","442368","32","32","0","0","0","0","0","0","0","0","0","0","0","0","0","0","0","0","0","1","0","0","0","0","0","0","0","0","0","0","0","0","0","0","0","0","0","0","0","0","0","0"
"0x7de64b279ad0","      LOP3.LUT R3, R3, R2, R5, 0x96, !PT","2","1","2","13824","442368","442368","32","32","0","0","0","0","0","0","0","0","0","0","0","0","0","0","0","0","0","1","0","0","0","1","0","0","0","0","0","0","0","0","0","0","0","0","0","0","0","0","0","1"
"0x7de64b279ae0","      LOP3.LUT R2, R2, R5, R0, 0x96, !PT","1","1","1","13824","442368","442368","32","32","0","0","0","0","0","0","0","0","0","0","0","0","0","0","0","0","0","0","0","0","0","1","0","0","0","0","0","0","0","0","0","0","0","0","0","0","0","0","0","1"
"0x7de64b279af0","      LOP3.LUT R5, R5, R0, R3, 0x96, !PT","2","2","2","13824","442368","442368","32","32","0","0","0","0","0","0","0","0","0","0","0","0","0","0","0","0","0","0","0","0","0","2","0","0","0","0","0","0","0","0","0","0","0","0","0","0","0","0","0","2"
"0x7de64b279b00","      LOP3.LUT R0, R0, R3, R2, 0x96, !PT","1","1","1","13824","442368","442368","32","32","0","0","0","0","0","0","0","0","0","0","0","0","0","0","0","0","0","0","0","0","0","1","0","0","0","0","0","0","0","0","0","0","0","0","0","0","0","0","0","1"
"0x7de64b279b10","      LOP3.LUT R3, R3, R2, R5, 0x96, !PT","6","3","6","13824","442368","442368","32","32","0","0","0","0","0","0","0","0","0","0","0","2","0","0","0","0","2","1","0","0","0","1","0","0","0","0","0","0","0","2","0","0","0","0","0","0","0","0","0","1"
"0x7de64b279b20","      LOP3.LUT R2, R2, R5, R0, 0x96, !PT","1","1","1","13824","442368","442368","32","32","0","0","0","0","0","0","0","0","0","0","0","0","0","0","0","0","0","0","0","0","0","1","0","0","0","0","0","0","0","0","0","0","0","0","0","0","0","0","0","1"
"0x7de64b279b30","      LOP3.LUT R5, R5, R0, R3, 0x96, !PT","0","0","0","13824","442368","442368","32","32","0","0","0","0","0","0","0","0","0","0","0","0","0","0","0","0","0","0","0","0","0","0","0","0","0","0","0","0","0","0","0","0","0","0","0","0","0","0","0","0"
"0x7de64b279b40","      LOP3.LUT R0, R0, R3, R2, 0x96, !PT","1","1","1","13824","442368","442368","32","32","0","0","0","0","0","0","0","0","0","0","0","0","0","0","0","0","0","0","0","0","0","1","0","0","0","0","0","0","0","0","0","0","0","0","0","0","0","0","0","1"
"0x7de64b279b50","      LOP3.LUT R3, R3, R2, R5, 0x96, !PT","2","0","2","13824","442368","442368","32","32","0","0","0","0","0","0","0","0","0","0","0","0","0","0","0","0","0","2","0","0","0","0","0","0","0","0","0","0","0","0","0","0","0","0","0","0","0","0","0","0"
"0x7de64b279b60","      LOP3.LUT R2, R2, R5, R0, 0x96, !PT","0","0","0","13824","442368","442368","32","32","0","0","0","0","0","0","0","0","0","0","0","0","0","0","0","0","0","0","0","0","0","0","0","0","0","0","0","0","0","0","0","0","0","0","0","0","0","0","0","0"
"0x7de64b279b70","      LOP3.LUT R5, R5, R0, R3, 0x96, !PT","4","2","4","13824","442368","442368","32","32","0","0","0","0","0","0","0","0","0","0","0","2","0","0","0","0","1","1","0","0","0","0","0","0","0","0","0","0","0","2","0","0","0","0","0","0","0","0","0","0"
"0x7de64b279b80","      LOP3.LUT R0, R0, R3, R2, 0x96, !PT","0","0","0","13824","442368","442368","32","32","0","0","0","0","0","0","0","0","0","0","0","0","0","0","0","0","0","0","0","0","0","0","0","0","0","0","0","0","0","0","0","0","0","0","0","0","0","0","0","0"
"0x7de64b279b90","      LOP3.LUT R3, R3, R2, R5, 0x96, !PT","0","0","0","13824","442368","442368","32","32","0","0","0","0","0","0","0","0","0","0","0","0","0","0","0","0","0","0","0","0","0","0","0","0","0","0","0","0","0","0","0","0","0","0","0","0","0","0","0","0"
"0x7de64b279ba0","      LOP3.LUT R2, R2, R5, R0, 0x96, !PT","3","0","3","13824","442368","442368","32","32","0","0","0","0","0","0","0","0","0","0","0","0","0","0","0","0","0","3","0","0","0","0","0","0","0","0","0","0","0","0","0","0","0","0","0","0","0","0","0","0"
"0x7de64b279bb0","      LOP3.LUT R5, R5, R0, R3, 0x96, !PT","0","0","0","13824","442368","442368","32","32","0","0","0","0","0","0","0","0","0","0","0","0","0","0","0","0","0","0","0","0","0","0","0","0","0","0","0","0","0","0","0","0","0","0","0","0","0","0","0","0"
"0x7de64b279bc0","      LOP3.LUT R0, R0, R3, R2, 0x96, !PT","0","0","0","13824","442368","442368","32","32","0","0","0","0","0","0","0","0","0","0","0","0","0","0","0","0","0","0","0","0","0","0","0","0","0","0","0","0","0","0","0","0","0","0","0","0","0","0","0","0"
"0x7de64b279bd0","      LOP3.LUT R3, R3, R2, R5, 0x96, !PT","5","2","5","13824","442368","442368","32","32","0","0","0","0","0","0","0","0","0","0","0","2","0","0","0","0","3","0","0","0","0","0","0","0","0","0","0","0","0","2","0","0","0","0","0","0","0","0","0","0"
"0x7de64b279be0","      LOP3.LUT R2, R2, R5, R0, 0x96, !PT","1","1","1","13824","442368","442368","32","32","0","0","0","0","0","0","0","0","0","0","0","0","0","0","0","0","0","0","0","0","0","1","0","0","0","0","0","0","0","0","0","0","0","0","0","0","0","0","0","1"
"0x7de64b279bf0","      LOP3.LUT R5, R5, R0, R3, 0x96, !PT","1","1","1","13824","442368","442368","32","32","0","0","0","0","0","0","0","0","0","0","0","0","0","0","0","0","0","0","0","0","0","1","0","0","0","0","0","0","0","0","0","0","0","0","0","0","0","0","0","1"
"0x7de64b279c00","      LOP3.LUT R0, R0, R3, R2, 0x96, !PT","2","1","2","13824","442368","442368","32","32","0","0","0","0","0","0","0","0","0","0","0","0","0","0","0","0","0","1","0","0","0","1","0","0","0","0","0","0","0","0","0","0","0","0","0","0","0","0","0","1"
"0x7de64b279c10","      LOP3.LUT R3, R3, R2, R5, 0x96, !PT","1","1","1","13824","442368","442368","32","32","0","0","0","0","0","0","0","0","0","0","0","0","0","0","0","0","0","0","0","0","0","1","0","0","0","0","0","0","0","0","0","0","0","0","0","0","0","0","0","1"
"0x7de64b279c20","      LOP3.LUT R2, R2, R5, R0, 0x96, !PT","1","1","1","13824","442368","442368","32","32","0","0","0","0","0","0","0","0","0","0","0","0","0","0","0","0","0","0","0","0","0","1","0","0","0","0","0","0","0","0","0","0","0","0","0","0","0","0","0","1"
"0x7de64b279c30","      LOP3.LUT R5, R5, R0, R3, 0x96, !PT","5","3","5","13824","442368","442368","32","32","0","0","0","0","0","0","0","0","0","0","0","2","0","0","0","0","2","0","0","0","0","1","0","0","0","0","0","0","0","2","0","0","0","0","0","0","0","0","0","1"
"0x7de64b279c40","      LOP3.LUT R0, R0, R3, R2, 0x96, !PT","1","0","1","13824","442368","442368","32","32","0","0","0","0","0","0","0","0","0","0","0","0","0","0","0","0","0","1","0","0","0","0","0","0","0","0","0","0","0","0","0","0","0","0","0","0","0","0","0","0"
"0x7de64b279c50","      LOP3.LUT R3, R3, R2, R5, 0x96, !PT","0","0","0","13824","442368","442368","32","32","0","0","0","0","0","0","0","0","0","0","0","0","0","0","0","0","0","0","0","0","0","0","0","0","0","0","0","0","0","0","0","0","0","0","0","0","0","0","0","0"
"0x7de64b279c60","      LOP3.LUT R2, R2, R5, R0, 0x96, !PT","3","2","3","13824","442368","442368","32","32","0","0","0","0","0","0","0","0","0","0","0","0","0","0","0","0","0","1","0","0","0","2","0","0","0","0","0","0","0","0","0","0","0","0","0","0","0","0","0","2"
"0x7de64b279c70","      LOP3.LUT R5, R5, R0, R3, 0x96, !PT","3","2","3","13824","442368","442368","32","32","0","0","0","0","0","0","0","0","0","0","0","0","0","0","0","0","0","1","0","0","0","2","0","0","0","0","0","0","0","0","0","0","0","0","0","0","0","0","0","2"
"0x7de64b279c80","      LOP3.LUT R0, R0, R3, R2, 0x96, !PT","3","2","3","13824","442368","442368","32","32","0","0","0","0","0","0","0","0","0","0","0","0","0","0","0","0","0","1","0","0","0","2","0","0","0","0","0","0","0","0","0","0","0","0","0","0","0","0","0","2"
"0x7de64b279c90","      LOP3.LUT R3, R3, R2, R5, 0x96, !PT","11","4","11","13824","442368","442368","32","32","0","0","0","0","0","0","0","0","0","0","0","2","0","0","0","0","7","0","0","0","0","2","0","0","0","0","0","0","0","2","0","0","0","0","0","0","0","0","0","2"
"0x7de64b279ca0","      LOP3.LUT R2, R2, R5, R0, 0x96, !PT","3","1","3","13824","442368","442368","32","32","0","0","0","0","0","0","0","0","0","0","0","0","0","0","0","0","0","2","0","0","0","1","0","0","0","0","0","0","0","0","0","0","0","0","0","0","0","0","0","1"
"0x7de64b279cb0","      LOP3.LUT R5, R5, R0, R3, 0x96, !PT","2","0","2","13824","442368","442368","32","32","0","0","0","0","0","0","0","0","0","0","0","0","0","0","0","0","0","2","0","0","0","0","0","0","0","0","0","0","0","0","0","0","0","0","0","0","0","0","0","0"
"0x7de64b279cc0","      LOP3.LUT R0, R0, R3, R2, 0x96, !PT","0","0","0","13824","442368","442368","32","32","0","0","0","0","0","0","0","0","0","0","0","0","0","0","0","0","0","0","0","0","0","0","0","0","0","0","0","0","0","0","0","0","0","0","0","0","0","0","0","0"
"0x7de64b279cd0","      LOP3.LUT R3, R3, R2, R5, 0x96, !PT","3","2","3","13824","442368","442368","32","32","0","0","0","0","0","0","0","0","0","0","0","0","0","0","0","0","0","1","0","0","0","2","0","0","0","0","0","0","0","0","0","0","0","0","0","0","0","0","0","2"
"0x7de64b279ce0","      LOP3.LUT R2, R2, R5, R0, 0x96, !PT","0","0","0","13824","442368","442368","32","32","0","0","0","0","0","0","0","0","0","0","0","0","0","0","0","0","0","0","0","0","0","0","0","0","0","0","0","0","0","0","0","0","0","0","0","0","0","0","0","0"
"0x7de64b279cf0","      LOP3.LUT R5, R5, R0, R3, 0x96, !PT","7","1","7","13824","442368","442368","32","32","0","0","0","0","0","0","0","0","0","0","0","0","0","0","0","0","5","1","0","0","0","1","0","0","0","0","0","0","0","0","0","0","0","0","0","0","0","0","0","1"
"0x7de64b279d00","      LOP3.LUT R0, R0, R3, R2, 0x96, !PT","2","0","2","13824","442368","442368","32","32","0","0","0","0","0","0","0","0","0","0","0","0","0","0","0","0","0","2","0","0","0","0","0","0","0","0","0","0","0","0","0","0","0","0","0","0","0","0","0","0"
"0x7de64b279d10","      LOP3.LUT R3, R3, R2, R5, 0x96, !PT","2","2","2","13824","442368","442368","32","32","0","0","0","0","0","0","0","0","0","0","0","0","0","0","0","0","0","0","0","0","0","2","0","0","0","0","0","0","0","0","0","0","0","0","0","0","0","0","0","2"
"0x7de64b279d20","      LOP3.LUT R2, R2, R5, R0, 0x96, !PT","1","1","1","13824","442368","442368","32","32","0","0","0","0","0","0","0","0","0","0","0","0","0","0","0","0","0","0","0","0","0","1","0","0","0","0","0","0","0","0","0","0","0","0","0","0","0","0","0","1"
"0x7de64b279d30","      LOP3.LUT R5, R5, R0, R3, 0x96, !PT","4","2","4","13824","442368","442368","32","32","0","0","0","0","0","0","0","0","0","0","0","0","0","0","0","0","0","2","0","0","0","2","0","0","0","0","0","0","0","0","0","0","0","0","0","0","0","0","0","2"
"0x7de64b279d40","      LOP3.LUT R0, R0, R3, R2, 0x96, !PT","4","2","4","13824","442368","442368","32","32","0","0","0","0","0","0","0","0","0","0","0","0","0","0","0","0","0","2","0","0","0","2","0","0","0","0","0","0","0","0","0","0","0","0","0","0","0","0","0","2"
"0x7de64b279d50","      LOP3.LUT R3, R3, R2, R5, 0x96, !PT","3","2","3","13824","442368","442368","32","32","0","0","0","0","0","0","0","0","0","0","0","2","0","0","0","0","0","1","0","0","0","0","0","0","0","0","0","0","0","2","0","0","0","0","0","0","0","0","0","0"
"0x7de64b279d60","      LOP3.LUT R2, R2, R5, R0, 0x96, !PT","1","0","1","13824","442368","442368","32","32","0","0","0","0","0","0","0","0","0","0","0","0","0","0","0","0","0","1","0","0","0","0","0","0","0","0","0","0","0","0","0","0","0","0","0","0","0","0","0","0"
"0x7de64b279d70","      LOP3.LUT R5, R5, R0, R3, 0x96, !PT","0","0","0","13824","442368","442368","32","32","0","0","0","0","0","0","0","0","0","0","0","0","0","0","0","0","0","0","0","0","0","0","0","0","0","0","0","0","0","0","0","0","0","0","0","0","0","0","0","0"
"0x7de64b279d80","      LOP3.LUT R0, R0, R3, R2, 0x96, !PT","2","0","2","13824","442368","442368","32","32","0","0","0","0","0","0","0","0","0","0","0","0","0","0","0","0","0","2","0","0","0","0","0","0","0","0","0","0","0","0","0","0","0","0","0","0","0","0","0","0"
"0x7de64b279d90","      LOP3.LUT R3, R3, R2, R5, 0x96, !PT","0","0","0","13824","442368","442368","32","32","0","0","0","0","0","0","0","0","0","0","0","0","0","0","0","0","0","0","0","0","0","0","0","0","0","0","0","0","0","0","0","0","0","0","0","0","0","0","0","0"
"0x7de64b279da0","      LOP3.LUT R2, R2, R5, R0, 0x96, !PT","0","0","0","13824","442368","442368","32","32","0","0","0","0","0","0","0","0","0","0","0","0","0","0","0","0","0","0","0","0","0","0","0","0","0","0","0","0","0","0","0","0","0","0","0","0","0","0","0","0"
"0x7de64b279db0","      LOP3.LUT R5, R5, R0, R3, 0x96, !PT","25","16","25","13824","442368","442368","32","32","0","0","0","0","0","0","0","0","0","0","0","13","0","0","0","0","9","0","0","0","0","3","0","0","0","0","0","0","0","13","0","0","0","0","0","0","0","0","0","3"
"0x7de64b279dc0","      LOP3.LUT R0, R0, R3, R2, 0x96, !PT","0","0","0","13824","442368","442368","32","32","0","0","0","0","0","0","0","0","0","0","0","0","0","0","0","0","0","0","0","0","0","0","0","0","0","0","0","0","0","0","0","0","0","0","0","0","0","0","0","0"
"0x7de64b279dd0","      LOP3.LUT R3, R3, R2, R5, 0x96, !PT","2","2","2","13824","442368","442368","32","32","0","0","0","0","0","0","0","0","0","0","0","0","0","0","0","0","0","0","0","0","0","2","0","0","0","0","0","0","0","0","0","0","0","0","0","0","0","0","0","2"
"0x7de64b279de0","      LOP3.LUT R2, R2, R5, R0, 0x96, !PT","3","1","3","13824","442368","442368","32","32","0","0","0","0","0","0","0","0","0","0","0","0","0","0","0","0","0","2","0","0","0","1","0","0","0","0","0","0","0","0","0","0","0","0","0","0","0","0","0","1"
"0x7de64b279df0","      LOP3.LUT R5, R5, R0, R3, 0x96, !PT","2","0","2","13824","442368","442368","32","32","0","0","0","0","0","0","0","0","0","0","0","0","0","0","0","0","0","2","0","0","0","0","0","0","0","0","0","0","0","0","0","0","0","0","0","0","0","0","0","0"
"0x7de64b279e00","      LOP3.LUT R0, R0, R3, R2, 0x96, !PT","0","0","0","13824","442368","442368","32","32","0","0","0","0","0","0","0","0","0","0","0","0","0","0","0","0","0","0","0","0","0","0","0","0","0","0","0","0","0","0","0","0","0","0","0","0","0","0","0","0"
"0x7de64b279e10","      LOP3.LUT R3, R3, R2, R5, 0x96, !PT","19","14","19","13824","442368","442368","32","32","0","0","0","0","0","0","0","0","0","0","0","14","0","0","0","0","3","2","0","0","0","0","0","0","0","0","0","0","0","14","0","0","0","0","0","0","0","0","0","0"
"0x7de64b279e20","      LOP3.LUT R2, R2, R5, R0, 0x96, !PT","0","0","0","13824","442368","442368","32","32","0","0","0","0","0","0","0","0","0","0","0","0","0","0","0","0","0","0","0","0","0","0","0","0","0","0","0","0","0","0","0","0","0","0","0","0","0","0","0","0"
"0x7de64b279e30","      LOP3.LUT R5, R5, R0, R3, 0x96, !PT","3","3","3","13824","442368","442368","32","32","0","0","0","0","0","0","0","0","0","0","0","0","0","0","0","0","0","0","0","0","0","3","0","0","0","0","0","0","0","0","0","0","0","0","0","0","0","0","0","3"
"0x7de64b279e40","      LOP3.LUT R0, R0, R3, R2, 0x96, !PT","4","2","4","13824","442368","442368","32","32","0","0","0","0","0","0","0","0","0","0","0","0","0","0","0","0","0","2","0","0","0","2","0","0","0","0","0","0","0","0","0","0","0","0","0","0","0","0","0","2"
"0x7de64b279e50","      LOP3.LUT R3, R3, R2, R5, 0x96, !PT","1","0","1","13824","442368","442368","32","32","0","0","0","0","0","0","0","0","0","0","0","0","0","0","0","0","0","1","0","0","0","0","0","0","0","0","0","0","0","0","0","0","0","0","0","0","0","0","0","0"
"0x7de64b279e60","      LOP3.LUT R2, R2, R5, R0, 0x96, !PT","2","2","2","13824","442368","442368","32","32","0","0","0","0","0","0","0","0","0","0","0","0","0","0","0","0","0","0","0","0","0","2","0","0","0","0","0","0","0","0","0","0","0","0","0","0","0","0","0","2"
"0x7de64b279e70","      LOP3.LUT R5, R5, R0, R3, 0x96, !PT","4","1","4","13824","442368","442368","32","32","0","0","0","0","0","0","0","0","0","0","0","0","0","0","0","0","3","0","0","0","0","1","0","0","0","0","0","0","0","0","0","0","0","0","0","0","0","0","0","1"
"0x7de64b279e80","      ISETP.GT.AND P0, PT, R8, 0x1, PT","0","0","0","13824","442368","442368","32","32","0","0","0","0","0","0","0","0","0","0","0","0","0","0","0","0","0","0","0","0","0","0","0","0","0","0","0","0","0","0","0","0","0","0","0","0","0","0","0","0"
"0x7de64b279e90","      LOP3.LUT R0, R0, R3, R2, 0x96, !PT","2","1","2","13824","442368","442368","32","32","0","0","0","0","0","0","0","0","0","0","0","0","0","0","0","0","0","1","0","0","0","1","0","0","0","0","0","0","0","0","0","0","0","0","0","0","0","0","0","1"
"0x7de64b279ea0","      LOP3.LUT R3, R3, R2, R5, 0x96, !PT","2","2","2","13824","442368","442368","32","32","0","0","0","0","0","0","0","0","0","0","0","0","0","0","0","0","0","0","0","0","0","2","0","0","0","0","0","0","0","0","0","0","0","0","0","0","0","0","0","2"
"0x7de64b279eb0","      LOP3.LUT R2, R2, R5, R0, 0x96, !PT","2","0","2","13824","442368","442368","32","32","0","0","0","0","0","0","0","0","0","0","0","0","0","0","0","0","0","2","0","0","0","0","0","0","0","0","0","0","0","0","0","0","0","0","0","0","0","0","0","0"
"0x7de64b279ec0","      LOP3.LUT R5, R5, R0, R3, 0x96, !PT","1","0","1","13824","442368","442368","32","32","0","0","0","0","0","0","0","0","0","0","0","0","0","0","0","0","0","1","0","0","0","0","0","0","0","0","0","0","0","0","0","0","0","0","0","0","0","0","0","0"
"0x7de64b279ed0","      LOP3.LUT R0, R0, R3, R2, 0x96, !PT","15","7","15","13824","442368","442368","32","32","0","0","0","0","0","0","0","0","0","0","0","5","0","0","0","0","8","0","0","0","0","2","0","0","0","0","0","0","0","5","0","0","0","0","0","0","0","0","0","2"
"0x7de64b279ee0","      LOP3.LUT R3, R3, R2, R5, 0x96, !PT","4","1","4","13824","442368","442368","32","32","0","0","0","0","0","0","0","0","0","0","0","0","0","0","0","0","0","3","0","0","0","1","0","0","0","0","0","0","0","0","0","0","0","0","0","0","0","0","0","1"
"0x7de64b279ef0","      LOP3.LUT R2, R2, R5, R0, 0x96, !PT","1","0","1","13824","442368","442368","32","32","0","0","0","0","0","0","0","0","0","0","0","0","0","0","0","0","0","1","0","0","0","0","0","0","0","0","0","0","0","0","0","0","0","0","0","0","0","0","0","0"
"0x7de64b279f00","      LOP3.LUT R5, R5, R0, R3, 0x96, !PT","1","1","1","13824","442368","442368","32","32","0","0","0","0","0","0","0","0","0","0","0","0","0","0","0","0","0","0","0","0","0","1","0","0","0","0","0","0","0","0","0","0","0","0","0","0","0","0","0","1"
"0x7de64b279f10","@P0   BRA 0x7de64b279f50","1","0","1","13824","442368","442368","32","32","0","0","0","0","0","0","0","0","0","0","0","0","0","0","0","0","0","1","0","0","0","0","0","0","0","0","0","0","0","0","0","0","0","0","0","0","0","0","0","0"
"0x7de64b279f20","      ISETP.LE.AND P0, PT, RZ, c[0x0][0x168], PT","7","4","7","0","0","0","0","0","32","32","0","0","0","0","0","0","0","0","0","0","0","0","0","0","0","2","0","0","0","5","0","0","0","0","0","0","0","0","0","0","0","0","0","0","0","0","0","4"
"0x7de64b279f30","@P0   BRA 0x7de64b27a770","0","0","0","0","0","0","0","0","0","32","0","0","0","0","0","0","0","0","0","0","0","0","0","0","0","0","0","0","0","0","0","0","0","0","0","0","0","0","0","0","0","0","0","0","0","0","0","0"
"0x7de64b279f40","      BPT.TRAP 0x1","0","0","0","0","0","0","0","0","0","32","0","0","0","0","0","0","0","0","0","0","0","0","0","0","0","0","0","0","0","0","0","0","0","0","0","0","0","0","0","0","0","0","0","0","0","0","0","0"
"0x7de64b279f50","      ISETP.LE.AND P0, PT, RZ, c[0x0][0x168], PT","10","4","10","13824","442368","442368","32","32","32","0","0","0","0","5","0","0","0","0","0","1","0","0","0","4","0","0","0","0","0","0","0","1","0","0","0","0","0","1","0","0","0","2","0","0","0","0","0","0"
"0x7de64b279f60","@!P0  BRA 0x7de64b27a860","14","7","14","13824","442368","0","32","0","32","32","0","0","0","0","0","0","0","0","0","0","0","0","0","0","0","2","0","0","0","12","0","0","0","0","0","0","0","0","0","0","0","0","0","0","0","0","0","7"
"0x7de64b279f70","      LOP3.LUT R0, R0, R3, R2, 0x96, !PT","20","9","20","13824","442368","442368","32","32","32","0","0","0","0","0","0","0","0","0","0","2","0","0","0","0","6","0","0","0","0","12","0","0","0","0","0","0","0","2","0","0","0","0","0","0","0","0","0","7"
"0x7de64b279f80","      LOP3.LUT R3, R3, R2, R5, 0x96, !PT","0","0","0","13824","442368","442368","32","32","0","0","0","0","0","0","0","0","0","0","0","0","0","0","0","0","0","0","0","0","0","0","0","0","0","0","0","0","0","0","0","0","0","0","0","0","0","0","0","0"
"0x7de64b279f90","      LOP3.LUT R2, R2, R5, R0, 0x96, !PT","0","0","0","13824","442368","442368","32","32","0","0","0","0","0","0","0","0","0","0","0","0","0","0","0","0","0","0","0","0","0","0","0","0","0","0","0","0","0","0","0","0","0","0","0","0","0","0","0","0"
"0x7de64b279fa0","      LOP3.LUT R5, R5, R0, R3, 0x96, !PT","3","1","3","13824","442368","442368","32","32","0","0","0","0","0","0","0","0","0","0","0","0","0","0","0","0","0","2","0","0","0","1","0","0","0","0","0","0","0","0","0","0","0","0","0","0","0","0","0","1"
"0x7de64b279fb0","      LOP3.LUT R0, R0, R3, R2, 0x96, !PT","5","3","5","13824","442368","442368","32","32","0","0","0","0","0","0","0","0","0","0","0","0","0","0","0","0","0","2","0","0","0","3","0","0","0","0","0","0","0","0","0","0","0","0","0","0","0","0","0","3"
"0x7de64b279fc0","      LOP3.LUT R3, R3, R2, R5, 0x96, !PT","2","1","2","13824","442368","442368","32","32","0","0","0","0","0","0","0","0","0","0","0","0","0","0","0","0","0","1","0","0","0","1","0","0","0","0","0","0","0","0","0","0","0","0","0","0","0","0","0","1"
"0x7de64b279fd0","      LOP3.LUT R2, R2, R5, R0, 0x96, !PT","13","5","13","13824","442368","442368","32","32","0","0","0","0","0","0","0","0","0","0","0","3","0","0","0","0","7","1","0","0","0","2","0","0","0","0","0","0","0","3","0","0","0","0","0","0","0","0","0","2"
"0x7de64b279fe0","      LOP3.LUT R5, R5, R0, R3, 0x96, !PT","4","2","4","13824","442368","442368","32","32","0","0","0","0","0","0","0","0","0","0","0","0","0","0","0","0","0","2","0","0","0","2","0","0","0","0","0","0","0","0","0","0","0","0","0","0","0","0","0","2"
"0x7de64b279ff0","      LOP3.LUT R0, R0, R3, R2, 0x96, !PT","3","1","3","13824","442368","442368","32","32","0","0","0","0","0","0","0","0","0","0","0","0","0","0","0","0","0","2","0","0","0","1","0","0","0","0","0","0","0","0","0","0","0","0","0","0","0","0","0","1"
"0x7de64b27a000","      LOP3.LUT R3, R3, R2, R5, 0x96, !PT","3","1","3","13824","442368","442368","32","32","0","0","0","0","0","0","0","0","0","0","0","0","0","0","0","0","0","2","0","0","0","1","0","0","0","0","0","0","0","0","0","0","0","0","0","0","0","0","0","1"
"0x7de64b27a010","      LOP3.LUT R2, R2, R5, R0, 0x96, !PT","4","3","4","13824","442368","442368","32","32","0","0","0","0","0","0","0","0","0","0","0","0","0","0","0","0","0","1","0","0","0","3","0","0","0","0","0","0","0","0","0","0","0","0","0","0","0","0","0","3"
"0x7de64b27a020","      LOP3.LUT R5, R5, R0, R3, 0x96, !PT","2","1","2","13824","442368","442368","32","32","0","0","0","0","0","0","0","0","0","0","0","0","0","0","0","0","0","1","0","0","0","1","0","0","0","0","0","0","0","0","0","0","0","0","0","0","0","0","0","1"
"0x7de64b27a030","      LOP3.LUT R0, R0, R3, R2, 0x96, !PT","13","7","13","13824","442368","442368","32","32","0","0","0","0","0","0","0","0","0","0","0","4","0","0","0","0","4","2","0","0","0","3","0","0","0","0","0","0","0","4","0","0","0","0","0","0","0","0","0","3"
"0x7de64b27a040","      LOP3.LUT R3, R3, R2, R5, 0x96, !PT","2","1","2","13824","442368","442368","32","32","0","0","0","0","0","0","0","0","0","0","0","0","0","0","0","0","0","1","0","0","0","1","0","0","0","0","0","0","0","0","0","0","0","0","0","0","0","0","0","1"
"0x7de64b27a050","      LOP3.LUT R2, R2, R5, R0, 0x96, !PT","1","1","1","13824","442368","442368","32","32","0","0","0","0","0","0","0","0","0","0","0","0","0","0","0","0","0","0","0","0","0","1","0","0","0","0","0","0","0","0","0","0","0","0","0","0","0","0","0","1"
"0x7de64b27a060","      LOP3.LUT R5, R5, R0, R3, 0x96, !PT","4","3","4","13824","442368","442368","32","32","0","0","0","0","0","0","0","0","0","0","0","0","0","0","0","0","0","1","0","0","0","3","0","0","0","0","0","0","0","0","0","0","0","0","0","0","0","0","0","3"
"0x7de64b27a070","      LOP3.LUT R0, R0, R3, R2, 0x96, !PT","1","1","1","13824","442368","442368","32","32","0","0","0","0","0","0","0","0","0","0","0","0","0","0","0","0","0","0","0","0","0","1","0","0","0","0","0","0","0","0","0","0","0","0","0","0","0","0","0","1"
"0x7de64b27a080","      LOP3.LUT R3, R3, R2, R5, 0x96, !PT","0","0","0","13824","442368","442368","32","32","0","0","0","0","0","0","0","0","0","0","0","0","0","0","0","0","0","0","0","0","0","0","0","0","0","0","0","0","0","0","0","0","0","0","0","0","0","0","0","0"
"0x7de64b27a090","      LOP3.LUT R2, R2, R5, R0, 0x96, !PT","15","9","15","13824","442368","442368","32","32","0","0","0","0","0","0","0","0","0","0","0","8","0","0","0","0","5","1","0","0","0","1","0","0","0","0","0","0","0","8","0","0","0","0","0","0","0","0","0","1"
"0x7de64b27a0a0","      LOP3.LUT R5, R5, R0, R3, 0x96, !PT","2","2","2","13824","442368","442368","32","32","0","0","0","0","0","0","0","0","0","0","0","0","0","0","0","0","0","0","0","0","0","2","0","0","0","0","0","0","0","0","0","0","0","0","0","0","0","0","0","2"
"0x7de64b27a0b0","      LOP3.LUT R0, R0, R3, R2, 0x96, !PT","0","0","0","13824","442368","442368","32","32","0","0","0","0","0","0","0","0","0","0","0","0","0","0","0","0","0","0","0","0","0","0","0","0","0","0","0","0","0","0","0","0","0","0","0","0","0","0","0","0"
"0x7de64b27a0c0","      LOP3.LUT R3, R3, R2, R5, 0x96, !PT","1","0","1","13824","442368","442368","32","32","0","0","0","0","0","0","0","0","0","0","0","0","0","0","0","0","0","1","0","0","0","0","0","0","0","0","0","0","0","0","0","0","0","0","0","0","0","0","0","0"
"0x7de64b27a0d0","      LOP3.LUT R2, R2, R5, R0, 0x96, !PT","0","0","0","13824","442368","442368","32","32","0","0","0","0","0","0","0","0","0","0","0","0","0","0","0","0","0","0","0","0","0","0","0","0","0","0","0","0","0","0","0","0","0","0","0","0","0","0","0","0"
"0x7de64b27a0e0","      LOP3.LUT R5, R5, R0, R3, 0x96, !PT","2","2","2","13824","442368","442368","32","32","0","0","0","0","0","0","0","0","0","0","0","0","0","0","0","0","0","0","0","0","0","2","0","0","0","0","0","0","0","0","0","0","0","0","0","0","0","0","0","2"
"0x7de64b27a0f0","      LOP3.LUT R0, R0, R3, R2, 0x96, !PT","13","4","13","13824","442368","442368","32","32","0","0","0","0","0","0","0","0","0","0","0","2","0","0","0","0","8","1","0","0","0","2","0","0","0","0","0","0","0","2","0","0","0","0","0","0","0","0","0","2"
"0x7de64b27a100","      LOP3.LUT R3, R3, R2, R5, 0x96, !PT","5","2","5","13824","442368","442368","32","32","0","0","0","0","0","0","0","0","0","0","0","0","0","0","0","0","0","3","0","0","0","2","0","0","0","0","0","0","0","0","0","0","0","0","0","0","0","0","0","2"
"0x7de64b27a110","      LOP3.LUT R2, R2, R5, R0, 0x96, !PT","0","0","0","13824","442368","442368","32","32","0","0","0","0","0","0","0","0","0","0","0","0","0","0","0","0","0","0","0","0","0","0","0","0","0","0","0","0","0","0","0","0","0","0","0","0","0","0","0","0"
"0x7de64b27a120","      LOP3.LUT R5, R5, R0, R3, 0x96, !PT","0","0","0","13824","442368","442368","32","32","0","0","0","0","0","0","0","0","0","0","0","0","0","0","0","0","0","0","0","0","0","0","0","0","0","0","0","0","0","0","0","0","0","0","0","0","0","0","0","0"
"0x7de64b27a130","      LOP3.LUT R0, R0, R3, R2, 0x96, !PT","0","0","0","13824","442368","442368","32","32","0","0","0","0","0","0","0","0","0","0","0","0","0","0","0","0","0","0","0","0","0","0","0","0","0","0","0","0","0","0","0","0","0","0","0","0","0","0","0","0"
"0x7de64b27a140","      LOP3.LUT R3, R3, R2, R5, 0x96, !PT","5","2","5","13824","442368","442368","32","32","0","0","0","0","0","0","0","0","0","0","0","0","0","0","0","0","0","3","0","0","0","2","0","0","0","0","0","0","0","0","0","0","0","0","0","0","0","0","0","2"
"0x7de64b27a150","      LOP3.LUT R2, R2, R5, R0, 0x96, !PT","8","3","8","13824","442368","442368","32","32","0","0","0","0","0","0","0","0","0","0","0","2","0","0","0","0","4","1","0","0","0","1","0","0","0","0","0","0","0","2","0","0","0","0","0","0","0","0","0","1"
"0x7de64b27a160","      LOP3.LUT R5, R5, R0, R3, 0x96, !PT","6","4","6","13824","442368","442368","32","32","0","0","0","0","0","0","0","0","0","0","0","0","0","0","0","0","0","2","0","0","0","4","0","0","0","0","0","0","0","0","0","0","0","0","0","0","0","0","0","4"
"0x7de64b27a170","      LOP3.LUT R0, R0, R3, R2, 0x96, !PT","3","1","3","13824","442368","442368","32","32","0","0","0","0","0","0","0","0","0","0","0","0","0","0","0","0","0","2","0","0","0","1","0","0","0","0","0","0","0","0","0","0","0","0","0","0","0","0","0","1"
"0x7de64b27a180","      LOP3.LUT R3, R3, R2, R5, 0x96, !PT","2","1","2","13824","442368","442368","32","32","0","0","0","0","0","0","0","0","0","0","0","0","0","0","0","0","0","1","0","0","0","1","0","0","0","0","0","0","0","0","0","0","0","0","0","0","0","0","0","1"
"0x7de64b27a190","      LOP3.LUT R2, R2, R5, R0, 0x96, !PT","3","2","3","13824","442368","442368","32","32","0","0","0","0","0","0","0","0","0","0","0","0","0","0","0","0","0","1","0","0","0","2","0","0","0","0","0","0","0","0","0","0","0","0","0","0","0","0","0","2"
"0x7de64b27a1a0","      LOP3.LUT R5, R5, R0, R3, 0x96, !PT","3","1","3","13824","442368","442368","32","32","0","0","0","0","0","0","0","0","0","0","0","0","0","0","0","0","0","2","0","0","0","1","0","0","0","0","0","0","0","0","0","0","0","0","0","0","0","0","0","1"
"0x7de64b27a1b0","      LOP3.LUT R0, R0, R3, R2, 0x96, !PT","9","6","9","13824","442368","442368","32","32","0","0","0","0","0","0","0","0","0","0","0","5","0","0","0","0","2","1","0","0","0","1","0","0","0","0","0","0","0","5","0","0","0","0","0","0","0","0","0","1"
"0x7de64b27a1c0","      LOP3.LUT R3, R3, R2, R5, 0x96, !PT","2","1","2","13824","442368","442368","32","32","0","0","0","0","0","0","0","0","0","0","0","0","0","0","0","0","0","1","0","0","0","1","0","0","0","0","0","0","0","0","0","0","0","0","0","0","0","0","0","1"
"0x7de64b27a1d0","      LOP3.LUT R2, R2, R5, R0, 0x96, !PT","0","0","0","13824","442368","442368","32","32","0","0","0","0","0","0","0","0","0","0","0","0","0","0","0","0","0","0","0","0","0","0","0","0","0","0","0","0","0","0","0","0","0","0","0","0","0","0","0","0"
"0x7de64b27a1e0","      LOP3.LUT R5, R5, R0, R3, 0x96, !PT","1","1","1","13824","442368","442368","32","32","0","0","0","0","0","0","0","0","0","0","0","0","0","0","0","0","0","0","0","0","0","1","0","0","0","0","0","0","0","0","0","0","0","0","0","0","0","0","0","1"
"0x7de64b27a1f0","      LOP3.LUT R0, R0, R3, R2, 0x96, !PT","3","3","3","13824","442368","442368","32","32","0","0","0","0","0","0","0","0","0","0","0","0","0","0","0","0","0","0","0","0","0","3","0","0","0","0","0","0","0","0","0","0","0","0","0","0","0","0","0","3"
"0x7de64b27a200","      LOP3.LUT R3, R3, R2, R5, 0x96, !PT","2","2","2","13824","442368","442368","32","32","0","0","0","0","0","0","0","0","0","0","0","0","0","0","0","0","0","0","0","0","0","2","0","0","0","0","0","0","0","0","0","0","0","0","0","0","0","0","0","2"
"0x7de64b27a210","      LOP3.LUT R2, R2, R5, R0, 0x96, !PT","4","3","4","13824","442368","442368","32","32","0","0","0","0","0","0","0","0","0","0","0","3","0","0","0","0","1","0","0","0","0","0","0","0","0","0","0","0","0","3","0","0","0","0","0","0","0","0","0","0"
"0x7de64b27a220","      LOP3.LUT R5, R5, R0, R3, 0x96, !PT","2","1","2","13824","442368","442368","32","32","0","0","0","0","0","0","0","0","0","0","0","0","0","0","0","0","0","1","0","0","0","1","0","0","0","0","0","0","0","0","0","0","0","0","0","0","0","0","0","1"
"0x7de64b27a230","      LOP3.LUT R0, R0, R3, R2, 0x96, !PT","2","1","2","13824","442368","442368","32","32","0","0","0","0","0","0","0","0","0","0","0","0","0","0","0","0","0","1","0","0","0","1","0","0","0","0","0","0","0","0","0","0","0","0","0","0","0","0","0","1"
"0x7de64b27a240","      LOP3.LUT R3, R3, R2, R5, 0x96, !PT","2","1","2","13824","442368","442368","32","32","0","0","0","0","0","0","0","0","0","0","0","0","0","0","0","0","0","1","0","0","0","1","0","0","0","0","0","0","0","0","0","0","0","0","0","0","0","0","0","1"
"0x7de64b27a250","      LOP3.LUT R2, R2, R5, R0, 0x96, !PT","1","1","1","13824","442368","442368","32","32","0","0","0","0","0","0","0","0","0","0","0","0","0","0","0","0","0","0","0","0","0","1","0","0","0","0","0","0","0","0","0","0","0","0","0","0","0","0","0","1"
"0x7de64b27a260","      LOP3.LUT R5, R5, R0, R3, 0x96, !PT","0","0","0","13824","442368","442368","32","32","0","0","0","0","0","0","0","0","0","0","0","0","0","0","0","0","0","0","0","0","0","0","0","0","0","0","0","0","0","0","0","0","0","0","0","0","0","0","0","0"
"0x7de64b27a270","      LOP3.LUT R0, R0, R3, R2, 0x96, !PT","17","9","17","13824","442368","442368","32","32","0","0","0","0","0","0","0","0","0","0","0","8","0","0","0","0","7","1","0","0","0","1","0","0","0","0","0","0","0","8","0","0","0","0","0","0","0","0","0","1"
"0x7de64b27a280","      LOP3.LUT R3, R3, R2, R5, 0x96, !PT","4","2","4","13824","442368","442368","32","32","0","0","0","0","0","0","0","0","0","0","0","0","0","0","0","0","0","2","0","0","0","2","0","0","0","0","0","0","0","0","0","0","0","0","0","0","0","0","0","2"
"0x7de64b27a290","      LOP3.LUT R2, R2, R5, R0, 0x96, !PT","1","0","1","13824","442368","442368","32","32","0","0","0","0","0","0","0","0","0","0","0","0","0","0","0","0","0","1","0","0","0","0","0","0","0","0","0","0","0","0","0","0","0","0","0","0","0","0","0","0"
"0x7de64b27a2a0","      LOP3.LUT R5, R5, R0, R3, 0x96, !PT","1","1","1","13824","442368","442368","32","32","0","0","0","0","0","0","0","0","0","0","0","0","0","0","0","0","0","0","0","0","0","1","0","0","0","0","0","0","0","0","0","0","0","0","0","0","0","0","0","1"
"0x7de64b27a2b0","      LOP3.LUT R0, R0, R3, R2, 0x96, !PT","0","0","0","13824","442368","442368","32","32","0","0","0","0","0","0","0","0","0","0","0","0","0","0","0","0","0","0","0","0","0","0","0","0","0","0","0","0","0","0","0","0","0","0","0","0","0","0","0","0"
"0x7de64b27a2c0","      LOP3.LUT R3, R3, R2, R5, 0x96, !PT","1","0","1","13824","442368","442368","32","32","0","0","0","0","0","0","0","0","0","0","0","0","0","0","0","0","0","1","0","0","0","0","0","0","0","0","0","0","0","0","0","0","0","0","0","0","0","0","0","0"
"0x7de64b27a2d0","      LOP3.LUT R2, R2, R5, R0, 0x96, !PT","16","4","16","13824","442368","442368","32","32","0","0","0","0","0","0","0","0","0","0","0","4","0","0","0","0","10","2","0","0","0","0","0","0","0","0","0","0","0","4","0","0","0","0","0","0","0","0","0","0"
"0x7de64b27a2e0","      LOP3.LUT R5, R5, R0, R3, 0x96, !PT","1","0","1","13824","442368","442368","32","32","0","0","0","0","0","0","0","0","0","0","0","0","0","0","0","0","0","1","0","0","0","0","0","0","0","0","0","0","0","0","0","0","0","0","0","0","0","0","0","0"
"0x7de64b27a2f0","      LOP3.LUT R0, R0, R3, R2, 0x96, !PT","2","1","2","13824","442368","442368","32","32","0","0","0","0","0","0","0","0","0","0","0","0","0","0","0","0","0","1","0","0","0","1","0","0","0","0","0","0","0","0","0","0","0","0","0","0","0","0","0","1"
"0x7de64b27a300","      LOP3.LUT R3, R3, R2, R5, 0x96, !PT","3","1","3","13824","442368","442368","32","32","0","0","0","0","0","0","0","0","0","0","0","0","0","0","0","0","0","2","0","0","0","1","0","0","0","0","0","0","0","0","0","0","0","0","0","0","0","0","0","1"
"0x7de64b27a310","      LOP3.LUT R2, R2, R5, R0, 0x96, !PT","1","1","1","13824","442368","442368","32","32","0","0","0","0","0","0","0","0","0","0","0","0","0","0","0","0","0","0","0","0","0","1","0","0","0","0","0","0","0","0","0","0","0","0","0","0","0","0","0","1"
"0x7de64b27a320","      LOP3.LUT R5, R5, R0, R3, 0x96, !PT","2","1","2","13824","442368","442368","32","32","0","0","0","0","0","0","0","0","0","0","0","0","0","0","0","0","0","1","0","0","0","1","0","0","0","0","0","0","0","0","0","0","0","0","0","0","0","0","0","1"
"0x7de64b27a330","      LOP3.LUT R0, R0, R3, R2, 0x96, !PT","8","4","8","13824","442368","442368","32","32","0","0","0","0","0","0","0","0","0","0","0","2","0","0","0","0","3","1","0","0","0","2","0","0","0","0","0","0","0","2","0","0","0","0","0","0","0","0","0","2"
"0x7de64b27a340","      LOP3.LUT R3, R3, R2, R5, 0x96, !PT","4","3","4","13824","442368","442368","32","32","0","0","0","0","0","0","0","0","0","0","0","0","0","0","0","0","0","1","0","0","0","3","0","0","0","0","0","0","0","0","0","0","0","0","0","0","0","0","0","3"
"0x7de64b27a350","      LOP3.LUT R2, R2, R5, R0, 0x96, !PT","1","0","1","13824","442368","442368","32","32","0","0","0","0","0","0","0","0","0","0","0","0","0","0","0","0","0","1","0","0","0","0","0","0","0","0","0","0","0","0","0","0","0","0","0","0","0","0","0","0"
"0x7de64b27a360","      LOP3.LUT R5, R5, R0, R3, 0x96, !PT","1","1","1","13824","442368","442368","32","32","0","0","0","0","0","0","0","0","0","0","0","0","0","0","0","0","0","0","0","0","0","1","0","0","0","0","0","0","0","0","0","0","0","0","0","0","0","0","0","1"
"0x7de64b27a370","      LOP3.LUT R0, R0, R3, R2, 0x96, !PT","1","0","1","13824","442368","442368","32","32","0","0","0","0","0","0","0","0","0","0","0","0","0","0","0","0","0","1","0","0","0","0","0","0","0","0","0","0","0","0","0","0","0","0","0","0","0","0","0","0"
"0x7de64b27a380","      LOP3.LUT R3, R3, R2, R5, 0x96, !PT","1","1","1","13824","442368","442368","32","32","0","0","0","0","0","0","0","0","0","0","0","0","0","0","0","0","0","0","0","0","0","1","0","0","0","0","0","0","0","0","0","0","0","0","0","0","0","0","0","1"
"0x7de64b27a390","      LOP3.LUT R2, R2, R5, R0, 0x96, !PT","9","5","9","13824","442368","442368","32","32","0","0","0","0","0","0","0","0","0","0","0","4","0","0","0","0","2","2","0","0","0","1","0","0","0","0","0","0","0","4","0","0","0","0","0","0","0","0","0","1"
"0x7de64b27a3a0","      LOP3.LUT R5, R5, R0, R3, 0x96, !PT","1","0","1","13824","442368","442368","32","32","0","0","0","0","0","0","0","0","0","0","0","0","0","0","0","0","0","1","0","0","0","0","0","0","0","0","0","0","0","0","0","0","0","0","0","0","0","0","0","0"
"0x7de64b27a3b0","      LOP3.LUT R0, R0, R3, R2, 0x96, !PT","2","2","2","13824","442368","442368","32","32","0","0","0","0","0","0","0","0","0","0","0","0","0","0","0","0","0","0","0","0","0","2","0","0","0","0","0","0","0","0","0","0","0","0","0","0","0","0","0","2"
"0x7de64b27a3c0","      LOP3.LUT R3, R3, R2, R5, 0x96, !PT","2","1","2","13824","442368","442368","32","32","0","0","0","0","0","0","0","0","0","0","0","0","0","0","0","0","0","1","0","0","0","1","0","0","0","0","0","0","0","0","0","0","0","0","0","0","0","0","0","1"
"0x7de64b27a3d0","      LOP3.LUT R2, R2, R5, R0, 0x96, !PT","0","0","0","13824","442368","442368","32","32","0","0","0","0","0","0","0","0","0","0","0","0","0","0","0","0","0","0","0","0","0","0","0","0","0","0","0","0","0","0","0","0","0","0","0","0","0","0","0","0"
"0x7de64b27a3e0","      LOP3.LUT R5, R5, R0, R3, 0x96, !PT","3","2","3","13824","442368","442368","32","32","0","0","0","0","0","0","0","0","0","0","0","0","0","0","0","0","0","1","0","0","0","2","0","0","0","0","0","0","0","0","0","0","0","0","0","0","0","0","0","2"
"0x7de64b27a3f0","      LOP3.LUT R0, R0, R3, R2, 0x96, !PT","9","2","9","13824","442368","442368","32","32","0","0","0","0","0","0","0","0","0","0","0","1","0","0","0","0","6","1","0","0","0","1","0","0","0","0","0","0","0","1","0","0","0","0","0","0","0","0","0","1"
"0x7de64b27a400","      LOP3.LUT R3, R3, R2, R5, 0x96, !PT","2","1","2","13824","442368","442368","32","32","0","0","0","0","0","0","0","0","0","0","0","0","0","0","0","0","0","1","0","0","0","1","0","0","0","0","0","0","0","0","0","0","0","0","0","0","0","0","0","1"
"0x7de64b27a410","      LOP3.LUT R2, R2, R5, R0, 0x96, !PT","0","0","0","13824","442368","442368","32","32","0","0","0","0","0","0","0","0","0","0","0","0","0","0","0","0","0","0","0","0","0","0","0","0","0","0","0","0","0","0","0","0","0","0","0","0","0","0","0","0"
"0x7de64b27a420","      LOP3.LUT R5, R5, R0, R3, 0x96, !PT","1","0","1","13824","442368","442368","32","32","0","0","0","0","0","0","0","0","0","0","0","0","0","0","0","0","0","1","0","0","0","0","0","0","0","0","0","0","0","0","0","0","0","0","0","0","0","0","0","0"
"0x7de64b27a430","      LOP3.LUT R0, R0, R3, R2, 0x96, !PT","2","0","2","13824","442368","442368","32","32","0","0","0","0","0","0","0","0","0","0","0","0","0","0","0","0","0","2","0","0","0","0","0","0","0","0","0","0","0","0","0","0","0","0","0","0","0","0","0","0"
"0x7de64b27a440","      LOP3.LUT R3, R3, R2, R5, 0x96, !PT","0","0","0","13824","442368","442368","32","32","0","0","0","0","0","0","0","0","0","0","0","0","0","0","0","0","0","0","0","0","0","0","0","0","0","0","0","0","0","0","0","0","0","0","0","0","0","0","0","0"
"0x7de64b27a450","      LOP3.LUT R2, R2, R5, R0, 0x96, !PT","14","6","14","13824","442368","442368","32","32","0","0","0","0","0","0","0","0","0","0","0","4","0","0","0","0","7","1","0","0","0","2","0","0","0","0","0","0","0","4","0","0","0","0","0","0","0","0","0","2"
"0x7de64b27a460","      LOP3.LUT R5, R5, R0, R3, 0x96, !PT","4","2","4","13824","442368","442368","32","32","0","0","0","0","0","0","0","0","0","0","0","0","0","0","0","0","0","2","0","0","0","2","0","0","0","0","0","0","0","0","0","0","0","0","0","0","0","0","0","2"
"0x7de64b27a470","      LOP3.LUT R0, R0, R3, R2, 0x96, !PT","2","1","2","13824","442368","442368","32","32","0","0","0","0","0","0","0","0","0","0","0","0","0","0","0","0","0","1","0","0","0","1","0","0","0","0","0","0","0","0","0","0","0","0","0","0","0","0","0","1"
"0x7de64b27a480","      LOP3.LUT R3, R3, R2, R5, 0x96, !PT","2","1","2","13824","442368","442368","32","32","0","0","0","0","0","0","0","0","0","0","0","0","0","0","0","0","0","1","0","0","0","1","0","0","0","0","0","0","0","0","0","0","0","0","0","0","0","0","0","1"
"0x7de64b27a490","      LOP3.LUT R2, R2, R5, R0, 0x96, !PT","2","2","2","13824","442368","442368","32","32","0","0","0","0","0","0","0","0","0","0","0","0","0","0","0","0","0","0","0","0","0","2","0","0","0","0","0","0","0","0","0","0","0","0","0","0","0","0","0","2"
"0x7de64b27a4a0","      LOP3.LUT R5, R5, R0, R3, 0x96, !PT","0","0","0","13824","442368","442368","32","32","0","0","0","0","0","0","0","0","0","0","0","0","0","0","0","0","0","0","0","0","0","0","0","0","0","0","0","0","0","0","0","0","0","0","0","0","0","0","0","0"
"0x7de64b27a4b0","      LOP3.LUT R0, R0, R3, R2, 0x96, !PT","2","1","2","13824","442368","442368","32","32","0","0","0","0","0","0","0","0","0","0","0","1","0","0","0","0","0","1","0","0","0","0","0","0","0","0","0","0","0","1","0","0","0","0","0","0","0","0","0","0"
"0x7de64b27a4c0","      LOP3.LUT R3, R3, R2, R5, 0x96, !PT","0","0","0","13824","442368","442368","32","32","0","0","0","0","0","0","0","0","0","0","0","0","0","0","0","0","0","0","0","0","0","0","0","0","0","0","0","0","0","0","0","0","0","0","0","0","0","0","0","0"
"0x7de64b27a4d0","      LOP3.LUT R2, R2, R5, R0, 0x96, !PT","4","4","4","13824","442368","442368","32","32","0","0","0","0","0","0","0","0","0","0","0","0","0","0","0","0","0","0","0","0","0","4","0","0","0","0","0","0","0","0","0","0","0","0","0","0","0","0","0","4"
"0x7de64b27a4e0","      LOP3.LUT R5, R5, R0, R3, 0x96, !PT","1","1","1","13824","442368","442368","32","32","0","0","0","0","0","0","0","0","0","0","0","0","0","0","0","0","0","0","0","0","0","1","0","0","0","0","0","0","0","0","0","0","0","0","0","0","0","0","0","1"
"0x7de64b27a4f0","      LOP3.LUT R0, R0, R3, R2, 0x96, !PT","1","1","1","13824","442368","442368","32","32","0","0","0","0","0","0","0","0","0","0","0","0","0","0","0","0","0","0","0","0","0","1","0","0","0","0","0","0","0","0","0","0","0","0","0","0","0","0","0","1"
"0x7de64b27a500","      LOP3.LUT R3, R3, R2, R5, 0x96, !PT","0","0","0","13824","442368","442368","32","32","0","0","0","0","0","0","0","0","0","0","0","0","0","0","0","0","0","0","0","0","0","0","0","0","0","0","0","0","0","0","0","0","0","0","0","0","0","0","0","0"
"0x7de64b27a510","      LOP3.LUT R2, R2, R5, R0, 0x96, !PT","21","9","21","13824","442368","442368","32","32","0","0","0","0","0","0","0","0","0","0","0","6","0","0","0","0","10","2","0","0","0","3","0","0","0","0","0","0","0","6","0","0","0","0","0","0","0","0","0","3"
"0x7de64b27a520","      LOP3.LUT R5, R5, R0, R3, 0x96, !PT","1","0","1","13824","442368","442368","32","32","0","0","0","0","0","0","0","0","0","0","0","0","0","0","0","0","0","1","0","0","0","0","0","0","0","0","0","0","0","0","0","0","0","0","0","0","0","0","0","0"
"0x7de64b27a530","      LOP3.LUT R0, R0, R3, R2, 0x96, !PT","3","1","3","13824","442368","442368","32","32","0","0","0","0","0","0","0","0","0","0","0","0","0","0","0","0","0","2","0","0","0","1","0","0","0","0","0","0","0","0","0","0","0","0","0","0","0","0","0","1"
"0x7de64b27a540","      LOP3.LUT R3, R3, R2, R5, 0x96, !PT","3","3","3","13824","442368","442368","32","32","0","0","0","0","0","0","0","0","0","0","0","0","0","0","0","0","0","0","0","0","0","3","0","0","0","0","0","0","0","0","0","0","0","0","0","0","0","0","0","3"
"0x7de64b27a550","      LOP3.LUT R2, R2, R5, R0, 0x96, !PT","2","1","2","13824","442368","442368","32","32","0","0","0","0","0","0","0","0","0","0","0","0","0","0","0","0","0","1","0","0","0","1","0","0","0","0","0","0","0","0","0","0","0","0","0","0","0","0","0","1"
"0x7de64b27a560","      LOP3.LUT R5, R5, R0, R3, 0x96, !PT","0","0","0","13824","442368","442368","32","32","0","0","0","0","0","0","0","0","0","0","0","0","0","0","0","0","0","0","0","0","0","0","0","0","0","0","0","0","0","0","0","0","0","0","0","0","0","0","0","0"
"0x7de64b27a570","      LOP3.LUT R0, R0, R3, R2, 0x96, !PT","10","7","10","13824","442368","442368","32","32","0","0","0","0","0","0","0","0","0","0","0","6","0","0","0","0","3","0","0","0","0","1","0","0","0","0","0","0","0","6","0","0","0","0","0","0","0","0","0","1"
"0x7de64b27a580","      LOP3.LUT R3, R3, R2, R5, 0x96, !PT","2","1","2","13824","442368","442368","32","32","0","0","0","0","0","0","0","0","0","0","0","0","0","0","0","0","0","1","0","0","0","1","0","0","0","0","0","0","0","0","0","0","0","0","0","0","0","0","0","1"
"0x7de64b27a590","      LOP3.LUT R2, R2, R5, R0, 0x96, !PT","0","0","0","13824","442368","442368","32","32","0","0","0","0","0","0","0","0","0","0","0","0","0","0","0","0","0","0","0","0","0","0","0","0","0","0","0","0","0","0","0","0","0","0","0","0","0","0","0","0"
"0x7de64b27a5a0","      LOP3.LUT R5, R5, R0, R3, 0x96, !PT","0","0","0","13824","442368","442368","32","32","0","0","0","0","0","0","0","0","0","0","0","0","0","0","0","0","0","0","0","0","0","0","0","0","0","0","0","0","0","0","0","0","0","0","0","0","0","0","0","0"
"0x7de64b27a5b0","      LOP3.LUT R0, R0, R3, R2, 0x96, !PT","2","1","2","13824","442368","442368","32","32","0","0","0","0","0","0","0","0","0","0","0","0","0","0","0","0","0","1","0","0","0","1","0","0","0","0","0","0","0","0","0","0","0","0","0","0","0","0","0","1"
"0x7de64b27a5c0","      LOP3.LUT R3, R3, R2, R5, 0x96, !PT","1","0","1","13824","442368","442368","32","32","0","0","0","0","0","0","0","0","0","0","0","0","0","0","0","0","0","1","0","0","0","0","0","0","0","0","0","0","0","0","0","0","0","0","0","0","0","0","0","0"
"0x7de64b27a5d0","      LOP3.LUT R2, R2, R5, R0, 0x96, !PT","23","15","23","13824","442368","442368","32","32","0","0","0","0","0","0","0","0","0","0","0","14","0","0","0","0","7","1","0","0","0","1","0","0","0","0","0","0","0","14","0","0","0","0","0","0","0","0","0","1"
"0x7de64b27a5e0","      LOP3.LUT R5, R5, R0, R3, 0x96, !PT","2","1","2","13824","442368","442368","32","32","0","0","0","0","0","0","0","0","0","0","0","0","0","0","0","0","0","1","0","0","0","1","0","0","0","0","0","0","0","0","0","0","0","0","0","0","0","0","0","1"
"0x7de64b27a5f0","      LOP3.LUT R0, R0, R3, R2, 0x96, !PT","7","5","7","13824","442368","442368","32","32","0","0","0","0","0","0","0","0","0","0","0","0","0","0","0","0","0","2","0","0","0","5","0","0","0","0","0","0","0","0","0","0","0","0","0","0","0","0","0","5"
"0x7de64b27a600","      LOP3.LUT R3, R3, R2, R5, 0x96, !PT","3","1","3","13824","442368","442368","32","32","0","0","0","0","0","0","0","0","0","0","0","0","0","0","0","0","0","2","0","0","0","1","0","0","0","0","0","0","0","0","0","0","0","0","0","0","0","0","0","1"
"0x7de64b27a610","      LOP3.LUT R2, R2, R5, R0, 0x96, !PT","4","1","4","13824","442368","442368","32","32","0","0","0","0","0","0","0","0","0","0","0","0","0","0","0","0","0","3","0","0","0","1","0","0","0","0","0","0","0","0","0","0","0","0","0","0","0","0","0","1"
"0x7de64b27a620","      LOP3.LUT R5, R5, R0, R3, 0x96, !PT","5","4","5","13824","442368","442368","32","32","0","0","0","0","0","0","0","0","0","0","0","0","0","0","0","0","0","1","0","0","0","4","0","0","0","0","0","0","0","0","0","0","0","0","0","0","0","0","0","4"
"0x7de64b27a630","      LOP3.LUT R0, R0, R3, R2, 0x96, !PT","9","7","9","13824","442368","442368","32","32","0","0","0","0","0","0","0","0","0","0","0","4","0","0","0","0","2","0","0","0","0","3","0","0","0","0","0","0","0","4","0","0","0","0","0","0","0","0","0","3"
"0x7de64b27a640","      LOP3.LUT R3, R3, R2, R5, 0x96, !PT","1","0","1","13824","442368","442368","32","32","0","0","0","0","0","0","0","0","0","0","0","0","0","0","0","0","0","1","0","0","0","0","0","0","0","0","0","0","0","0","0","0","0","0","0","0","0","0","0","0"
"0x7de64b27a650","      LOP3.LUT R2, R2, R5, R0, 0x96, !PT","2","1","2","13824","442368","442368","32","32","0","0","0","0","0","0","0","0","0","0","0","0","0","0","0","0","0","1","0","0","0","1","0","0","0","0","0","0","0","0","0","0","0","0","0","0","0","0","0","1"
"0x7de64b27a660","      LOP3.LUT R5, R5, R0, R3, 0x96, !PT","3","3","3","13824","442368","442368","32","32","0","0","0","0","0","0","0","0","0","0","0","0","0","0","0","0","0","0","0","0","0","3","0","0","0","0","0","0","0","0","0","0","0","0","0","0","0","0","0","3"
"0x7de64b27a670","      LOP3.LUT R0, R0, R3, R2, 0x96, !PT","1","0","1","13824","442368","442368","32","32","0","0","0","0","0","0","0","0","0","0","0","0","0","0","0","0","0","1","0","0","0","0","0","0","0","0","0","0","0","0","0","0","0","0","0","0","0","0","0","0"
"0x7de64b27a680","      LOP3.LUT R3, R3, R2, R5, 0x96, !PT","3","1","3","13824","442368","442368","32","32","0","0","0","0","0","0","0","0","0","0","0","0","0","0","0","0","0","2","0","0","0","1","0","0","0","0","0","0","0","0","0","0","0","0","0","0","0","0","0","1"
"0x7de64b27a690","      LOP3.LUT R2, R2, R5, R0, 0x96, !PT","12","9","12","13824","442368","442368","32","32","0","0","0","0","0","0","0","0","0","0","0","9","0","0","0","0","2","1","0","0","0","0","0","0","0","0","0","0","0","9","0","0","0","0","0","0","0","0","0","0"
"0x7de64b27a6a0","      LOP3.LUT R5, R5, R0, R3, 0x96, !PT","1","1","1","13824","442368","442368","32","32","0","0","0","0","0","0","0","0","0","0","0","0","0","0","0","0","0","0","0","0","0","1","0","0","0","0","0","0","0","0","0","0","0","0","0","0","0","0","0","1"
"0x7de64b27a6b0","      LOP3.LUT R0, R0, R3, R2, 0x96, !PT","1","0","1","13824","442368","442368","32","32","0","0","0","0","0","0","0","0","0","0","0","0","0","0","0","0","0","1","0","0","0","0","0","0","0","0","0","0","0","0","0","0","0","0","0","0","0","0","0","0"
"0x7de64b27a6c0","      LOP3.LUT R3, R3, R2, R5, 0x96, !PT","1","0","1","13824","442368","442368","32","32","0","0","0","0","0","0","0","0","0","0","0","0","0","0","0","0","0","1","0","0","0","0","0","0","0","0","0","0","0","0","0","0","0","0","0","0","0","0","0","0"
"0x7de64b27a6d0","      LOP3.LUT R2, R2, R5, R0, 0x96, !PT","0","0","0","13824","442368","442368","32","32","0","0","0","0","0","0","0","0","0","0","0","0","0","0","0","0","0","0","0","0","0","0","0","0","0","0","0","0","0","0","0","0","0","0","0","0","0","0","0","0"
"0x7de64b27a6e0","      LOP3.LUT R5, R5, R0, R3, 0x96, !PT","3","2","3","13824","442368","442368","32","32","0","0","0","0","0","0","0","0","0","0","0","0","0","0","0","0","0","1","0","0","0","2","0","0","0","0","0","0","0","0","0","0","0","0","0","0","0","0","0","2"
"0x7de64b27a6f0","      LOP3.LUT R0, R0, R3, R2, 0x96, !PT","6","4","6","13824","442368","442368","32","32","0","0","0","0","0","0","0","0","0","0","0","3","0","0","0","0","2","0","0","0","0","1","0","0","0","0","0","0","0","3","0","0","0","0","0","0","0","0","0","1"
"0x7de64b27a700","      LOP3.LUT R3, R3, R2, R5, 0x96, !PT","0","0","0","13824","442368","442368","32","32","0","0","0","0","0","0","0","0","0","0","0","0","0","0","0","0","0","0","0","0","0","0","0","0","0","0","0","0","0","0","0","0","0","0","0","0","0","0","0","0"
"0x7de64b27a710","      LOP3.LUT R2, R2, R5, R0, 0x96, !PT","2","0","2","13824","442368","442368","32","32","0","0","0","0","0","0","0","0","0","0","0","0","0","0","0","0","1","1","0","0","0","0","0","0","0","0","0","0","0","0","0","0","0","0","0","0","0","0","0","0"
"0x7de64b27a720","      LOP3.LUT R5, R5, R0, R3, 0x96, !PT","2","1","2","13824","442368","442368","32","32","0","0","0","0","0","0","0","0","0","0","0","0","0","0","0","0","0","1","0","0","0","1","0","0","0","0","0","0","0","0","0","0","0","0","0","0","0","0","0","1"
"0x7de64b27a730","      LOP3.LUT R0, R0, R3, R2, 0x96, !PT","1","0","1","13824","442368","442368","32","32","0","0","0","0","0","0","0","0","0","0","0","0","0","0","0","0","0","1","0","0","0","0","0","0","0","0","0","0","0","0","0","0","0","0","0","0","0","0","0","0"
"0x7de64b27a740","      LOP3.LUT R3, R3, R2, R5, 0x96, !PT","3","2","3","13824","442368","442368","32","32","0","0","0","0","0","0","0","0","0","0","0","0","0","0","0","0","0","1","0","0","0","2","0","0","0","0","0","0","0","0","0","0","0","0","0","0","0","0","0","2"
"0x7de64b27a750","      LOP3.LUT R2, R2, R5, R0, 0x96, !PT","4","0","4","13824","442368","442368","32","32","0","0","0","0","0","0","0","0","0","0","0","0","0","0","0","0","4","0","0","0","0","0","0","0","0","0","0","0","0","0","0","0","0","0","0","0","0","0","0","0"
"0x7de64b27a760","      LOP3.LUT R5, R5, R0, R3, 0x96, !PT","1","1","1","13824","442368","442368","32","32","0","0","0","0","0","0","0","0","0","0","0","0","0","0","0","0","0","0","0","0","0","1","0","0","0","0","0","0","0","0","0","0","0","0","0","0","0","0","0","1"
"0x7de64b27a770","      IADD3 R7, P0, R7, 0x1, RZ","0","0","0","13824","442368","442368","32","32","0","0","0","0","0","0","0","0","0","0","0","0","0","0","0","0","0","0","0","0","0","0","0","0","0","0","0","0","0","0","0","0","0","0","0","0","0","0","0","0"
"0x7de64b27a780","      IMAD.X R4, RZ, RZ, R4, P0","4","0","4","13824","442368","442368","32","32","0","0","0","0","0","0","0","0","0","0","0","0","0","0","0","0","0","0","0","0","0","4","0","0","0","0","0","0","0","0","0","0","0","0","0","0","0","0","0","0"
"0x7de64b27a790","      ISETP.GE.U32.AND P0, PT, R7, c[0x0][0x160], PT","0","0","0","13824","442368","442368","32","32","0","0","0","0","0","0","0","0","0","0","0","0","0","0","0","0","0","0","0","0","0","0","0","0","0","0","0","0","0","0","0","0","0","0","0","0","0","0","0","0"
"0x7de64b27a7a0","      ISETP.GE.U32.AND.EX P0, PT, R4, c[0x0][0x164], PT, P0","12","3","12","13824","442368","442368","32","32","0","0","0","0","0","0","0","0","0","0","0","2","0","0","0","0","8","0","0","0","0","2","0","0","0","0","0","0","0","2","0","0","0","0","0","0","0","0","0","1"
"0x7de64b27a7b0","@P0   CALL.REL.NOINC 0x7de64b27a7d0","13","7","13","13824","442368","221184","32","16","16","16","0","0","0","0","0","0","0","0","0","0","0","0","0","0","0","0","0","0","0","13","0","0","0","0","0","0","0","0","0","0","0","0","0","0","0","0","0","7"
"0x7de64b27a7c0","      BRA 0x7de64b2796f0","0","0","0","6912","221184","221184","32","32","16","0","0","0","0","0","0","0","0","0","0","0","0","0","0","0","0","0","0","0","0","0","0","0","0","0","0","0","0","0","0","0","0","0","0","0","0","0","0","0"
"0x7de64b27a7d0","      IADD3 R6, R6, 0x1, RZ","11","6","11","6912","221184","221184","32","32","0","0","0","0","0","2","0","0","0","0","0","0","0","0","0","2","0","1","0","0","0","6","0","1","0","0","0","0","0","0","0","0","0","2","0","0","0","0","0","3"
"0x7de64b27a7e0","      ISETP.GE.AND P0, PT, R6, c[0x0][0x16c], PT","1","1","1","6912","221184","221184","32","32","0","0","0","0","0","0","0","0","0","0","0","0","0","0","0","0","0","0","0","0","0","1","0","0","0","0","0","0","0","0","0","0","0","0","0","0","0","0","0","1"
"0x7de64b27a7f0","@P0   CALL.REL.NOINC 0x7de64b27a810","1","0","1","6912","221184","221184","32","32","0","0","0","0","0","0","0","0","0","0","0","0","0","0","0","0","0","0","0","0","0","1","0","0","0","0","0","0","0","0","0","0","0","0","0","0","0","0","0","0"
"0x7de64b27a800","      BRA 0x7de64b2796a0","0","0","0","0","0","0","0","0","32","32","0","0","0","0","0","0","0","0","0","0","0","0","0","0","0","0","0","0","0","0","0","0","0","0","0","0","0","0","0","0","0","0","0","0","0","0","0","0"
"0x7de64b27a810","      LOP3.LUT R0, R2, R3, R0, 0x80, !PT","1","1","1","6912","221184","221184","32","32","32","0","0","0","0","0","0","0","0","0","0","0","0","0","0","1","0","0","0","0","0","0","0","0","0","0","0","0","0","0","0","0","0","1","0","0","0","0","0","0"
"0x7de64b27a820","      LOP3.LUT R0, R0, R5, RZ, 0xc0, !PT","3","1","3","6912","221184","221184","32","32","0","0","0","0","0","0","0","0","0","0","0","1","0","0","0","0","2","0","0","0","0","0","0","0","0","0","0","0","0","1","0","0","0","0","0","0","0","0","0","0"
"0x7de64b27a830","      ISETP.NE.AND P0, PT, R0, -0x1, PT","2","1","2","6912","221184","221184","32","32","0","0","0","0","0","0","0","0","0","0","0","0","0","0","0","0","0","0","0","0","0","2","0","0","0","0","0","0","0","0","0","0","0","0","0","0","0","0","0","1"
"0x7de64b27a840","@P0   EXIT","0","0","0","6912","221184","221184","32","32","0","0","0","0","0","0","0","0","0","0","0","0","0","0","0","0","0","0","0","0","0","0","0","0","0","0","0","0","0","0","0","0","0","0","0","0","0","0","0","0"
"0x7de64b27a850","      BPT.TRAP 0x1","3","0","3","0","0","0","0","0","32","32","0","0","0","2","0","1","0","0","0","0","0","0","0","0","0","0","0","0","0","0","0","0","0","0","0","0","0","0","0","0","0","0","0","0","0","0","0","0"
"0x7de64b27a860","      BPT.TRAP 0x1","0","0","0","0","0","0","0","0","0","32","0","0","0","0","0","0","0","0","0","0","0","0","0","0","0","0","0","0","0","0","0","0","0","0","0","0","0","0","0","0","0","0","0","0","0","0","0","0"
"0x7de64b27a870","      BRA `(.L_x_0) 0x7de64b27a870","0","0","0","0","0","0","0","0","0","0","0","0","0","0","0","0","0","0","0","0","0","0","0","0","0","0","0","0","0","0","0","0","0","0","0","0","0","0","0","0","0","0","0","0","0","0","0","0"
"0x7de64b27a880","      NOP","0","0","0","0","0","0","0","0","0","0","0","0","0","0","0","0","0","0","0","0","0","0","0","0","0","0","0","0","0","0","0","0","0","0","0","0","0","0","0","0","0","0","0","0","0","0","0","0"
"0x7de64b27a890","      NOP","0","0","0","0","0","0","0","0","0","0","0","0","0","0","0","0","0","0","0","0","0","0","0","0","0","0","0","0","0","0","0","0","0","0","0","0","0","0","0","0","0","0","0","0","0","0","0","0"
"0x7de64b27a8a0","      NOP","0","0","0","0","0","0","0","0","0","0","0","0","0","0","0","0","0","0","0","0","0","0","0","0","0","0","0","0","0","0","0","0","0","0","0","0","0","0","0","0","0","0","0","0","0","0","0","0"
"0x7de64b27a8b0","      NOP","0","0","0","0","0","0","0","0","0","0","0","0","0","0","0","0","0","0","0","0","0","0","0","0","0","0","0","0","0","0","0","0","0","0","0","0","0","0","0","0","0","0","0","0","0","0","0","0"
"0x7de64b27a8c0","      NOP","0","0","0","0","0","0","0","0","0","0","0","0","0","0","0","0","0","0","0","0","0","0","0","0","0","0","0","0","0","0","0","0","0","0","0","0","0","0","0","0","0","0","0","0","0","0","0","0"
"0x7de64b27a8d0","      NOP","0","0","0","0","0","0","0","0","0","0","0","0","0","0","0","0","0","0","0","0","0","0","0","0","0","0","0","0","0","0","0","0","0","0","0","0","0","0","0","0","0","0","0","0","0","0","0","0"
"0x7de64b27a8e0","      NOP","0","0","0","0","0","0","0","0","0","0","0","0","0","0","0","0","0","0","0","0","0","0","0","0","0","0","0","0","0","0","0","0","0","0","0","0","0","0","0","0","0","0","0","0","0","0","0","0"
"0x7de64b27a8f0","      NOP","0","0","0","0","0","0","0","0","0","0","0","0","0","0","0","0","0","0","0","0","0","0","0","0","0","0","0","0","0","0","0","0","0","0","0","0","0","0","0","0","0","0","0","0","0","0","0","0"
